event_type,event_label,family_7class,victim_device,victim_source
dos-http_flood,DoS-HTTP_Flood,DoS,Amazon Echo Show,official_victims_pdf
dos-http_flood,DoS-HTTP_Flood,DoS,AMCREST WiFi Camera,official_victims_pdf
dos-http_flood,DoS-HTTP_Flood,DoS,DCS8000LHA1 D-Link Mini Camera,official_victims_pdf
dos-http_flood,DoS-HTTP_Flood,DoS,harman kardon (Ampak Technology),official_victims_pdf
dos-http_flood,DoS-HTTP_Flood,DoS,Netatmo Camera,official_victims_pdf
dos-http_flood,DoS-HTTP_Flood,DoS,Philips Hue Bridge,official_victims_pdf
dos-http_flood,DoS-HTTP_Flood,DoS,RaspberryPi (DC:A6:32:C9:E6:F4),official_victims_pdf
dos-http_flood,DoS-HTTP_Flood,DoS,RaspberryPi (DC:A6:32:C9:E4:C6),official_victims_pdf
dos-http_flood,DoS-HTTP_Flood,DoS,RaspberryPi (DC:A6:32:C9:E5:02),official_victims_pdf
dos-http_flood,DoS-HTTP_Flood,DoS,TP-Link Tapo Camera,official_victims_pdf
dos-syn_flood,DoS-SYN_Flood,DoS,AeoTec Smart Home Hub,official_victims_pdf
dos-syn_flood,DoS-SYN_Flood,DoS,Amazon Alexa Echo Dot 1,official_victims_pdf
dos-syn_flood,DoS-SYN_Flood,DoS,Amazon Alexa Echo Dot 2,official_victims_pdf
dos-syn_flood,DoS-SYN_Flood,DoS,Amazon Echo Show,official_victims_pdf
dos-syn_flood,DoS-SYN_Flood,DoS,Amazon Alexa Echo Spot,official_victims_pdf
dos-syn_flood,DoS-SYN_Flood,DoS,AMCREST WiFi Camera,official_victims_pdf
dos-syn_flood,DoS-SYN_Flood,DoS,Borun/Sichuan-AI Camera,official_victims_pdf
dos-syn_flood,DoS-SYN_Flood,DoS,DCS8000LHA1 D-Link Mini Camera,official_victims_pdf
dos-syn_flood,DoS-SYN_Flood,DoS,Google Nest Mini Speaker Speaker,official_victims_pdf
dos-syn_flood,DoS-SYN_Flood,DoS,Gosund Power strip (1),official_victims_pdf
dos-syn_flood,DoS-SYN_Flood,DoS,GoSund Power strip (2),official_victims_pdf
dos-syn_flood,DoS-SYN_Flood,DoS,GoSund Bulb,official_victims_pdf
dos-syn_flood,DoS-SYN_Flood,DoS,GoSund Smart Plug WP2 (2),official_victims_pdf
dos-syn_flood,DoS-SYN_Flood,DoS,GoSund Smart plug WP2 (3),official_victims_pdf
dos-syn_flood,DoS-SYN_Flood,DoS,GoSund Smart Plug WP3 (1),official_victims_pdf
dos-syn_flood,DoS-SYN_Flood,DoS,Gosund Smart Plug WP3 (2),official_victims_pdf
dos-syn_flood,DoS-SYN_Flood,DoS,GoSund Smart plug WP2 (1),official_victims_pdf
dos-syn_flood,DoS-SYN_Flood,DoS,HeimVision SmartLife Radio/Lamp,official_victims_pdf
dos-syn_flood,DoS-SYN_Flood,DoS,Home Eye Camera,official_victims_pdf
dos-syn_flood,DoS-SYN_Flood,DoS,LampUX RGB,official_victims_pdf
dos-syn_flood,DoS-SYN_Flood,DoS,LIFX Lightbulb,official_victims_pdf
dos-syn_flood,DoS-SYN_Flood,DoS,Lumiman bulb,official_victims_pdf
dos-syn_flood,DoS-SYN_Flood,DoS,Luohe Cam Dog,official_victims_pdf
dos-syn_flood,DoS-SYN_Flood,DoS,Netatmo Camera,official_victims_pdf
dos-syn_flood,DoS-SYN_Flood,DoS,Rbcior Camera,official_victims_pdf
dos-syn_flood,DoS-SYN_Flood,DoS,SmartThings Hub,official_victims_pdf
dos-syn_flood,DoS-SYN_Flood,DoS,TP-Link Tapo Camera,official_victims_pdf
dos-syn_flood,DoS-SYN_Flood,DoS,Teckin Light Strip,official_victims_pdf
dos-syn_flood,DoS-SYN_Flood,DoS,Teckin Plug 1,official_victims_pdf
dos-syn_flood,DoS-SYN_Flood,DoS,Teckin Plug 2,official_victims_pdf
dos-syn_flood,DoS-SYN_Flood,DoS,Wemo smart plug 1 (Wemo id: Wemo.Mini.AD3),official_victims_pdf
dos-syn_flood,DoS-SYN_Flood,DoS,Yutron Plug 1,official_victims_pdf
dos-syn_flood,DoS-SYN_Flood,DoS,Yutron Plug 2,official_victims_pdf
dos-tcp_flood,DoS-TCP_Flood,DoS,AeoTec Smart Home Hub,official_victims_pdf
dos-tcp_flood,DoS-TCP_Flood,DoS,Amazon Alexa Echo Dot 1,official_victims_pdf
dos-tcp_flood,DoS-TCP_Flood,DoS,Amazon Alexa Echo Spot,official_victims_pdf
dos-tcp_flood,DoS-TCP_Flood,DoS,AMCREST WiFi Camera,official_victims_pdf
dos-tcp_flood,DoS-TCP_Flood,DoS,DCS8000LHA1 D-Link Mini Camera,official_victims_pdf
dos-tcp_flood,DoS-TCP_Flood,DoS,Globe Lamp ESP_B1680C,official_victims_pdf
dos-tcp_flood,DoS-TCP_Flood,DoS,Google Nest Mini Speaker,official_victims_pdf
dos-tcp_flood,DoS-TCP_Flood,DoS,GoSund Bulb,official_victims_pdf
dos-tcp_flood,DoS-TCP_Flood,DoS,Gosund Power strip (1),official_victims_pdf
dos-tcp_flood,DoS-TCP_Flood,DoS,GoSund Power strip (2),official_victims_pdf
dos-tcp_flood,DoS-TCP_Flood,DoS,GoSund Smart plug WP2 (1),official_victims_pdf
dos-tcp_flood,DoS-TCP_Flood,DoS,GoSund Smart Plug WP2 (2),official_victims_pdf
dos-tcp_flood,DoS-TCP_Flood,DoS,GoSund Smart plug WP2 (3),official_victims_pdf
dos-tcp_flood,DoS-TCP_Flood,DoS,GoSund Smart Plug WP3 (1),official_victims_pdf
dos-tcp_flood,DoS-TCP_Flood,DoS,Gosund Smart Plug WP3 (2),official_victims_pdf
dos-tcp_flood,DoS-TCP_Flood,DoS,HeimVision SmartLife Radio/Lamp,official_victims_pdf
dos-tcp_flood,DoS-TCP_Flood,DoS,Home Eye Camera,official_victims_pdf
dos-tcp_flood,DoS-TCP_Flood,DoS,iRobot Roomba,official_victims_pdf
dos-tcp_flood,DoS-TCP_Flood,DoS,LampUX RGB,official_victims_pdf
dos-tcp_flood,DoS-TCP_Flood,DoS,LIFX Lightbulb,official_victims_pdf
dos-tcp_flood,DoS-TCP_Flood,DoS,Lumiman bulb,official_victims_pdf
dos-tcp_flood,DoS-TCP_Flood,DoS,Luohe Cam Dog,official_victims_pdf
dos-tcp_flood,DoS-TCP_Flood,DoS,Netatmo Camera,official_victims_pdf
dos-tcp_flood,DoS-TCP_Flood,DoS,SIMCAM 1S (AMPAKTec),official_victims_pdf
dos-tcp_flood,DoS-TCP_Flood,DoS,SmartThings Hub,official_victims_pdf
dos-tcp_flood,DoS-TCP_Flood,DoS,Sonos One Speaker,official_victims_pdf
dos-tcp_flood,DoS-TCP_Flood,DoS,TP-Link Tapo Camera,official_victims_pdf
dos-tcp_flood,DoS-TCP_Flood,DoS,Teckin Plug1,official_victims_pdf
dos-tcp_flood,DoS-TCP_Flood,DoS,Teckin Light Strip,official_victims_pdf
dos-tcp_flood,DoS-TCP_Flood,DoS,Teckin Plug 2,official_victims_pdf
dos-tcp_flood,DoS-TCP_Flood,DoS,Yutron Plug 1,official_victims_pdf
dos-tcp_flood,DoS-TCP_Flood,DoS,Yutron Plug 2,official_victims_pdf
dos-udp_flood,DoS-UDP_Flood,DoS,Amazon Echo Show,official_victims_pdf
dos-udp_flood,DoS-UDP_Flood,DoS,Amazon Alexa Echo Spot,official_victims_pdf
dos-udp_flood,DoS-UDP_Flood,DoS,Amazon Plug,official_victims_pdf
dos-udp_flood,DoS-UDP_Flood,DoS,AMCREST WiFi Camera,official_victims_pdf
dos-udp_flood,DoS-UDP_Flood,DoS,Arlo Q Indoor Camera,official_victims_pdf
dos-udp_flood,DoS-UDP_Flood,DoS,Borun/Sichuan-AI Camera,official_victims_pdf
dos-udp_flood,DoS-UDP_Flood,DoS,Cocoon Smart HVAC Fan,official_victims_pdf
dos-udp_flood,DoS-UDP_Flood,DoS,DCS8000LHA1 D-Link Mini Camera,official_victims_pdf
dos-udp_flood,DoS-UDP_Flood,DoS,Globe Lamp ESP_B1680C,official_victims_pdf
dos-udp_flood,DoS-UDP_Flood,DoS,Google Nest Mini Speaker,official_victims_pdf
dos-udp_flood,DoS-UDP_Flood,DoS,GoSund Bulb,official_victims_pdf
dos-udp_flood,DoS-UDP_Flood,DoS,GoSund Power strip (2),official_victims_pdf
dos-udp_flood,DoS-UDP_Flood,DoS,Gosund Power strip (1),official_victims_pdf
dos-udp_flood,DoS-UDP_Flood,DoS,GoSund Smart plug WP2 (1),official_victims_pdf
dos-udp_flood,DoS-UDP_Flood,DoS,GoSund Smart Plug WP2 (2),official_victims_pdf
dos-udp_flood,DoS-UDP_Flood,DoS,GoSund Smart Plug WP3 (1),official_victims_pdf
dos-udp_flood,DoS-UDP_Flood,DoS,Gosund Smart Plug WP3 (2),official_victims_pdf
dos-udp_flood,DoS-UDP_Flood,DoS,GoSund Smart plug WP2 (3),official_victims_pdf
dos-udp_flood,DoS-UDP_Flood,DoS,Govee Smart Humidifer,official_victims_pdf
dos-udp_flood,DoS-UDP_Flood,DoS,HeimVision Smart WiFi Camera,official_victims_pdf
dos-udp_flood,DoS-UDP_Flood,DoS,HeimVision SmartLife Radio/Lamp,official_victims_pdf
dos-udp_flood,DoS-UDP_Flood,DoS,harman kardon (Ampak Technology),official_victims_pdf
dos-udp_flood,DoS-UDP_Flood,DoS,Home Eye Camera,official_victims_pdf
dos-udp_flood,DoS-UDP_Flood,DoS,LampUX RGB,official_victims_pdf
dos-udp_flood,DoS-UDP_Flood,DoS,Levoit Air Purifier,official_victims_pdf
dos-udp_flood,DoS-UDP_Flood,DoS,LIFX Lightbulb,official_victims_pdf
dos-udp_flood,DoS-UDP_Flood,DoS,Lumiman bulb,official_victims_pdf
dos-udp_flood,DoS-UDP_Flood,DoS,Luohe Cam Dog,official_victims_pdf
dos-udp_flood,DoS-UDP_Flood,DoS,Netatmo Camera,official_victims_pdf
dos-udp_flood,DoS-UDP_Flood,DoS,Rbcior Camera,official_victims_pdf
dos-udp_flood,DoS-UDP_Flood,DoS,SIMCAM 1S (AMPAKTec),official_victims_pdf
dos-udp_flood,DoS-UDP_Flood,DoS,SmartThings Hub,official_victims_pdf
dos-udp_flood,DoS-UDP_Flood,DoS,Sonos One Speaker,official_victims_pdf
dos-udp_flood,DoS-UDP_Flood,DoS,TP-Link Tapo Camera,official_victims_pdf
dos-udp_flood,DoS-UDP_Flood,DoS,Teckin Light Strip,official_victims_pdf
dos-udp_flood,DoS-UDP_Flood,DoS,Teckin Plug 1,official_victims_pdf
dos-udp_flood,DoS-UDP_Flood,DoS,Teckin Plug 2,official_victims_pdf
dos-udp_flood,DoS-UDP_Flood,DoS,Wemo smart plug 1,official_victims_pdf
dos-udp_flood,DoS-UDP_Flood,DoS,Wemo smart plug 2,official_victims_pdf
dos-udp_flood,DoS-UDP_Flood,DoS,Wyze Camera,official_victims_pdf
dos-udp_flood,DoS-UDP_Flood,DoS,Yi Indoor Camera,official_victims_pdf
dos-udp_flood,DoS-UDP_Flood,DoS,Yi Indoor 2 Camera,official_victims_pdf
dos-udp_flood,DoS-UDP_Flood,DoS,Yi Outdoor Camera,official_victims_pdf
dos-udp_flood,DoS-UDP_Flood,DoS,Yutron Plug 1,official_victims_pdf
dos-udp_flood,DoS-UDP_Flood,DoS,Yutron Plug 2,official_victims_pdf
backdoor_malware,Backdoor_Malware,Web,RaspberryPi (DC:A6:32:C9:E6:F4),official_victims_pdf
backdoor_malware,Backdoor_Malware,Web,RaspberryPi (DC:A6:32:C9:E4:C6),official_victims_pdf
backdoor_malware,Backdoor_Malware,Web,RaspberryPi (DC:A6:32:C9:E5:02),official_victims_pdf
browserhijacking,BrowserHijacking,Web,RaspberryPi (DC:A6:32:C9:E6:F4),official_victims_pdf
browserhijacking,BrowserHijacking,Web,RaspberryPi (DC:A6:32:C9:E4:C6),official_victims_pdf
browserhijacking,BrowserHijacking,Web,RaspberryPi (DC:A6:32:C9:E5:02),official_victims_pdf
commandinjection,CommandInjection,Web,RaspberryPi (DC:A6:32:C9:E6:F4),official_victims_pdf
commandinjection,CommandInjection,Web,RaspberryPi (DC:A6:32:C9:E4:C6),official_victims_pdf
commandinjection,CommandInjection,Web,RaspberryPi (DC:A6:32:C9:E5:02),official_victims_pdf
sqlinjection,SqlInjection,Web,RaspberryPi (DC:A6:32:C9:E6:F4),official_victims_pdf
sqlinjection,SqlInjection,Web,RaspberryPi (DC:A6:32:C9:E4:C6),official_victims_pdf
sqlinjection,SqlInjection,Web,RaspberryPi (DC:A6:32:C9:E5:02),official_victims_pdf
uploading_attack,Uploading_Attack,Web,RaspberryPi (DC:A6:32:C9:E6:F4),official_victims_pdf
uploading_attack,Uploading_Attack,Web,RaspberryPi (DC:A6:32:C9:E4:C6),official_victims_pdf
uploading_attack,Uploading_Attack,Web,RaspberryPi (DC:A6:32:C9:E5:02),official_victims_pdf
xss,XSS,Web,RaspberryPi (DC:A6:32:C9:E6:F4),official_victims_pdf
xss,XSS,Web,RaspberryPi (DC:A6:32:C9:E4:C6),official_victims_pdf
xss,XSS,Web,RaspberryPi (DC:A6:32:C9:E5:02),official_victims_pdf
mirai-greeth_flood,Mirai-greeth_flood,Mirai,Amazon Alexa Echo Dot 1,official_victims_pdf
mirai-greeth_flood,Mirai-greeth_flood,Mirai,Amazon Echo Show,official_victims_pdf
mirai-greeth_flood,Mirai-greeth_flood,Mirai,Amazon Alexa Echo Studio,official_victims_pdf
mirai-greeth_flood,Mirai-greeth_flood,Mirai,Amazon Plug,official_victims_pdf
mirai-greeth_flood,Mirai-greeth_flood,Mirai,AMCREST WiFi Camera,official_victims_pdf
mirai-greeth_flood,Mirai-greeth_flood,Mirai,Arlo Base Station,official_victims_pdf
mirai-greeth_flood,Mirai-greeth_flood,Mirai,Arlo Q Indoor Camera,official_victims_pdf
mirai-greeth_flood,Mirai-greeth_flood,Mirai,Atomi Coffee Maker,official_victims_pdf
mirai-greeth_flood,Mirai-greeth_flood,Mirai,Borun/Sichuan-AI Camera,official_victims_pdf
mirai-greeth_flood,Mirai-greeth_flood,Mirai,Cocoon Smart HVAC Fan,official_victims_pdf
mirai-greeth_flood,Mirai-greeth_flood,Mirai,DCS8000LHA1 D-Link Mini Camera,official_victims_pdf
mirai-greeth_flood,Mirai-greeth_flood,Mirai,Eufy HomeBase2,official_victims_pdf
mirai-greeth_flood,Mirai-greeth_flood,Mirai,Globe Lamp ESP_B1680C,official_victims_pdf
mirai-greeth_flood,Mirai-greeth_flood,Mirai,Google Nest Mini SpeakerSpeaker,official_victims_pdf
mirai-greeth_flood,Mirai-greeth_flood,Mirai,GoSund Bulb,official_victims_pdf
mirai-greeth_flood,Mirai-greeth_flood,Mirai,Gosund Power strip (1),official_victims_pdf
mirai-greeth_flood,Mirai-greeth_flood,Mirai,GoSund Power strip (2),official_victims_pdf
mirai-greeth_flood,Mirai-greeth_flood,Mirai,GoSund Smart plug WP2 (1),official_victims_pdf
mirai-greeth_flood,Mirai-greeth_flood,Mirai,GoSund Smart Plug WP2 (2),official_victims_pdf
mirai-greeth_flood,Mirai-greeth_flood,Mirai,GoSund Smart plug WP2 (3),official_victims_pdf
mirai-greeth_flood,Mirai-greeth_flood,Mirai,GoSund Smart Plug WP3 (1),official_victims_pdf
mirai-greeth_flood,Mirai-greeth_flood,Mirai,Gosund Smart Plug WP3 (2),official_victims_pdf
mirai-greeth_flood,Mirai-greeth_flood,Mirai,Govee Smart Humidifer,official_victims_pdf
mirai-greeth_flood,Mirai-greeth_flood,Mirai,HeimVision Smart WiFi Camera,official_victims_pdf
mirai-greeth_flood,Mirai-greeth_flood,Mirai,harman kardon (Ampak Technology),official_victims_pdf
mirai-greeth_flood,Mirai-greeth_flood,Mirai,HeimVision SmartLife Radio/Lamp,official_victims_pdf
mirai-greeth_flood,Mirai-greeth_flood,Mirai,Home Eye Camera,official_victims_pdf
mirai-greeth_flood,Mirai-greeth_flood,Mirai,iRobot Roomba,official_victims_pdf
mirai-greeth_flood,Mirai-greeth_flood,Mirai,LampUX RGB,official_victims_pdf
mirai-greeth_flood,Mirai-greeth_flood,Mirai,Levoit Air Purifier,official_victims_pdf
mirai-greeth_flood,Mirai-greeth_flood,Mirai,LIFX Lightbulb,official_victims_pdf
mirai-greeth_flood,Mirai-greeth_flood,Mirai,Lumiman,official_victims_pdf
mirai-greeth_flood,Mirai-greeth_flood,Mirai,Nest Indoor Camera,official_victims_pdf
mirai-greeth_flood,Mirai-greeth_flood,Mirai,Netatmo Camera,official_victims_pdf
mirai-greeth_flood,Mirai-greeth_flood,Mirai,Philips Hue Bridge,official_victims_pdf
mirai-greeth_flood,Mirai-greeth_flood,Mirai,RaspberryPi (DC:A6:32:C9:E6:F4),official_victims_pdf
mirai-greeth_flood,Mirai-greeth_flood,Mirai,RaspberryPi (DC:A6:32:C9:E4:C6),official_victims_pdf
mirai-greeth_flood,Mirai-greeth_flood,Mirai,RaspberryPi (DC:A6:32:C9:E5:02),official_victims_pdf
mirai-greeth_flood,Mirai-greeth_flood,Mirai,Rbcior Camera,official_victims_pdf
mirai-greeth_flood,Mirai-greeth_flood,Mirai,Ring Base Station,official_victims_pdf
mirai-greeth_flood,Mirai-greeth_flood,Mirai,SIMCAM 1S (AMPAKTec),official_victims_pdf
mirai-greeth_flood,Mirai-greeth_flood,Mirai,Sonos One Speaker,official_victims_pdf
mirai-greeth_flood,Mirai-greeth_flood,Mirai,TP-Link Tapo Camera,official_victims_pdf
mirai-greeth_flood,Mirai-greeth_flood,Mirai,Teckin Light Strip,official_victims_pdf
mirai-greeth_flood,Mirai-greeth_flood,Mirai,Teckin Plug 1,official_victims_pdf
mirai-greeth_flood,Mirai-greeth_flood,Mirai,Teckin Plug 2,official_victims_pdf
mirai-greeth_flood,Mirai-greeth_flood,Mirai,Wemo smart plug 1 (Wemo id: Wemo.Mini.AD3),official_victims_pdf
mirai-greeth_flood,Mirai-greeth_flood,Mirai,Wyze Camera,official_victims_pdf
mirai-greeth_flood,Mirai-greeth_flood,Mirai,Yi Indoor 2 Camera,official_victims_pdf
mirai-greeth_flood,Mirai-greeth_flood,Mirai,Yi Indoor Camera,official_victims_pdf
mirai-greeth_flood,Mirai-greeth_flood,Mirai,Yi Outdoor Camera,official_victims_pdf
mirai-greeth_flood,Mirai-greeth_flood,Mirai,Yutron Plug 1,official_victims_pdf
mirai-greeth_flood,Mirai-greeth_flood,Mirai,Yutron Plug 2,official_victims_pdf
mirai-greip_flood,Mirai-greip_flood,Mirai,Aeotec Smart Home Hub,official_victims_pdf
mirai-greip_flood,Mirai-greip_flood,Mirai,Amazon Alexa Echo Dot 1,official_victims_pdf
mirai-greip_flood,Mirai-greip_flood,Mirai,Amazon Echo Show,official_victims_pdf
mirai-greip_flood,Mirai-greip_flood,Mirai,Amazon Alexa Echo Spot,official_victims_pdf
mirai-greip_flood,Mirai-greip_flood,Mirai,Amazon Alexa Echo Studio,official_victims_pdf
mirai-greip_flood,Mirai-greip_flood,Mirai,Amazon Plug,official_victims_pdf
mirai-greip_flood,Mirai-greip_flood,Mirai,AMCREST WiFi Camera,official_victims_pdf
mirai-greip_flood,Mirai-greip_flood,Mirai,Arlo Base Station,official_victims_pdf
mirai-greip_flood,Mirai-greip_flood,Mirai,Arlo Q Indoor Camera,official_victims_pdf
mirai-greip_flood,Mirai-greip_flood,Mirai,Atomi Coffee Maker,official_victims_pdf
mirai-greip_flood,Mirai-greip_flood,Mirai,Borun/Sichuan-AI Camera,official_victims_pdf
mirai-greip_flood,Mirai-greip_flood,Mirai,Cocoon Smart HVAC Fan,official_victims_pdf
mirai-greip_flood,Mirai-greip_flood,Mirai,DCS8000LHA1 D-Link Mini Camera,official_victims_pdf
mirai-greip_flood,Mirai-greip_flood,Mirai,Eufy HomeBase2,official_victims_pdf
mirai-greip_flood,Mirai-greip_flood,Mirai,Globe Lamp ESP_B1680C,official_victims_pdf
mirai-greip_flood,Mirai-greip_flood,Mirai,Google Nest Mini Speaker,official_victims_pdf
mirai-greip_flood,Mirai-greip_flood,Mirai,GoSund Bulb,official_victims_pdf
mirai-greip_flood,Mirai-greip_flood,Mirai,Gosund Power strip (1),official_victims_pdf
mirai-greip_flood,Mirai-greip_flood,Mirai,GoSund Power strip (2),official_victims_pdf
mirai-greip_flood,Mirai-greip_flood,Mirai,GoSund Smart plug WP2 (1),official_victims_pdf
mirai-greip_flood,Mirai-greip_flood,Mirai,GoSund Smart Plug WP2 (2),official_victims_pdf
mirai-greip_flood,Mirai-greip_flood,Mirai,GoSund Smart plug WP2 (3),official_victims_pdf
mirai-greip_flood,Mirai-greip_flood,Mirai,GoSund Smart Plug WP3 (1),official_victims_pdf
mirai-greip_flood,Mirai-greip_flood,Mirai,Gosund Smart Plug WP3 (2),official_victims_pdf
mirai-greip_flood,Mirai-greip_flood,Mirai,Govee Smart Humidifier,official_victims_pdf
mirai-greip_flood,Mirai-greip_flood,Mirai,HeimVision Smart WiFi Camera,official_victims_pdf
mirai-greip_flood,Mirai-greip_flood,Mirai,HeimVision SmartLife Radio/Lamp,official_victims_pdf
mirai-greip_flood,Mirai-greip_flood,Mirai,harman kardon (Ampak Technology),official_victims_pdf
mirai-greip_flood,Mirai-greip_flood,Mirai,Home Eye Camera,official_victims_pdf
mirai-greip_flood,Mirai-greip_flood,Mirai,iRobot Roomba,official_victims_pdf
mirai-greip_flood,Mirai-greip_flood,Mirai,LampUX RGB,official_victims_pdf
mirai-greip_flood,Mirai-greip_flood,Mirai,Levoit Air Purifier,official_victims_pdf
mirai-greip_flood,Mirai-greip_flood,Mirai,LG Smart TV,official_victims_pdf
mirai-greip_flood,Mirai-greip_flood,Mirai,LIFX Lightbulb,official_victims_pdf
mirai-greip_flood,Mirai-greip_flood,Mirai,Lumiman bulb,official_victims_pdf
mirai-greip_flood,Mirai-greip_flood,Mirai,Luohe Cam Dog,official_victims_pdf
mirai-greip_flood,Mirai-greip_flood,Mirai,Nest Indoor Camera,official_victims_pdf
mirai-greip_flood,Mirai-greip_flood,Mirai,Netatmo Camera,official_victims_pdf
mirai-greip_flood,Mirai-greip_flood,Mirai,Netatmo Weather Station,official_victims_pdf
mirai-greip_flood,Mirai-greip_flood,Mirai,Philips Hue Bridge,official_victims_pdf
mirai-greip_flood,Mirai-greip_flood,Mirai,RaspberryPi (DC:A6:32:C9:E6:F4),official_victims_pdf
mirai-greip_flood,Mirai-greip_flood,Mirai,RaspberryPi (DC:A6:32:C9:E4:C6),official_victims_pdf
mirai-greip_flood,Mirai-greip_flood,Mirai,RaspberryPi (DC:A6:32:C9:E5:02),official_victims_pdf
mirai-greip_flood,Mirai-greip_flood,Mirai,Rbcior Camera,official_victims_pdf
mirai-greip_flood,Mirai-greip_flood,Mirai,Ring Base Station,official_victims_pdf
mirai-greip_flood,Mirai-greip_flood,Mirai,SIMCAM 1S (AMPAKTec),official_victims_pdf
mirai-greip_flood,Mirai-greip_flood,Mirai,Smart Board,official_victims_pdf
mirai-greip_flood,Mirai-greip_flood,Mirai,SmartThings Hub,official_victims_pdf
mirai-greip_flood,Mirai-greip_flood,Mirai,Sonos One Speaker,official_victims_pdf
mirai-greip_flood,Mirai-greip_flood,Mirai,TP-Link Tapo Camera,official_victims_pdf
mirai-greip_flood,Mirai-greip_flood,Mirai,Teckin Light Strip,official_victims_pdf
mirai-greip_flood,Mirai-greip_flood,Mirai,Teckin Plug 1,official_victims_pdf
mirai-greip_flood,Mirai-greip_flood,Mirai,Teckin Plug 2,official_victims_pdf
mirai-greip_flood,Mirai-greip_flood,Mirai,Wemo smart plug 1 (Wemo id: Wemo.Mini.AD3),official_victims_pdf
mirai-greip_flood,Mirai-greip_flood,Mirai,Wyze Camera,official_victims_pdf
mirai-greip_flood,Mirai-greip_flood,Mirai,Yi Indoor 2 Camera,official_victims_pdf
mirai-greip_flood,Mirai-greip_flood,Mirai,Yi Indoor Camera,official_victims_pdf
mirai-greip_flood,Mirai-greip_flood,Mirai,Yi Outdoor Camera,official_victims_pdf
mirai-greip_flood,Mirai-greip_flood,Mirai,Yutron Plug 1,official_victims_pdf
mirai-greip_flood,Mirai-greip_flood,Mirai,Yutron Plug 2,official_victims_pdf
mirai-udpplain,Mirai-udpplain,Mirai,Amazon Alexa Echo Dot 1,official_victims_pdf
mirai-udpplain,Mirai-udpplain,Mirai,Amazon Echo Show,official_victims_pdf
mirai-udpplain,Mirai-udpplain,Mirai,Amazon Alexa Echo Studio,official_victims_pdf
mirai-udpplain,Mirai-udpplain,Mirai,Amazon Plug,official_victims_pdf
mirai-udpplain,Mirai-udpplain,Mirai,AMCREST WiFi Camera,official_victims_pdf
mirai-udpplain,Mirai-udpplain,Mirai,Arlo Base Station,official_victims_pdf
mirai-udpplain,Mirai-udpplain,Mirai,Arlo Q Indoor Camera,official_victims_pdf
mirai-udpplain,Mirai-udpplain,Mirai,Atomi Coffee Maker,official_victims_pdf
mirai-udpplain,Mirai-udpplain,Mirai,Borun/Sichuan-AI Camera,official_victims_pdf
mirai-udpplain,Mirai-udpplain,Mirai,Cocoon Smart HVAC Fan,official_victims_pdf
mirai-udpplain,Mirai-udpplain,Mirai,DCS8000LHA1 D-Link Mini Camera,official_victims_pdf
mirai-udpplain,Mirai-udpplain,Mirai,Eufy HomeBase2,official_victims_pdf
mirai-udpplain,Mirai-udpplain,Mirai,Globe Lamp ESP_B1680C,official_victims_pdf
mirai-udpplain,Mirai-udpplain,Mirai,Google Nest Mini Speaker,official_victims_pdf
mirai-udpplain,Mirai-udpplain,Mirai,GoSund Bulb,official_victims_pdf
mirai-udpplain,Mirai-udpplain,Mirai,Gosund Power strip (1),official_victims_pdf
mirai-udpplain,Mirai-udpplain,Mirai,GoSund Power strip (2),official_victims_pdf
mirai-udpplain,Mirai-udpplain,Mirai,GoSund Smart plug WP2 (1),official_victims_pdf
mirai-udpplain,Mirai-udpplain,Mirai,GoSund Smart Plug WP2 (2),official_victims_pdf
mirai-udpplain,Mirai-udpplain,Mirai,GoSund Smart plug WP2 (3),official_victims_pdf
mirai-udpplain,Mirai-udpplain,Mirai,GoSund Smart Plug WP3 (1),official_victims_pdf
mirai-udpplain,Mirai-udpplain,Mirai,Gosund Smart Plug WP3 (2),official_victims_pdf
mirai-udpplain,Mirai-udpplain,Mirai,Govee Smart Humidifer,official_victims_pdf
mirai-udpplain,Mirai-udpplain,Mirai,HeimVision Smart WiFi Camera,official_victims_pdf
mirai-udpplain,Mirai-udpplain,Mirai,harman kardon (Ampak Technology),official_victims_pdf
mirai-udpplain,Mirai-udpplain,Mirai,Home Eye Camera,official_victims_pdf
mirai-udpplain,Mirai-udpplain,Mirai,iRobot Roomba,official_victims_pdf
mirai-udpplain,Mirai-udpplain,Mirai,LampUX RGB,official_victims_pdf
mirai-udpplain,Mirai-udpplain,Mirai,Levoit Air Purifier,official_victims_pdf
mirai-udpplain,Mirai-udpplain,Mirai,LIFX Lightbulb,official_victims_pdf
mirai-udpplain,Mirai-udpplain,Mirai,Lumiman bulb,official_victims_pdf
mirai-udpplain,Mirai-udpplain,Mirai,Luohe Cam Dog,official_victims_pdf
mirai-udpplain,Mirai-udpplain,Mirai,Nest Indoor Camera,official_victims_pdf
mirai-udpplain,Mirai-udpplain,Mirai,Netatmo Camera,official_victims_pdf
mirai-udpplain,Mirai-udpplain,Mirai,Philips Hue Bridge,official_victims_pdf
mirai-udpplain,Mirai-udpplain,Mirai,RaspberryPi (DC:A6:32:C9:E6:F4),official_victims_pdf
mirai-udpplain,Mirai-udpplain,Mirai,RaspberryPi (DC:A6:32:C9:E4:C6),official_victims_pdf
mirai-udpplain,Mirai-udpplain,Mirai,RaspberryPi (DC:A6:32:C9:E5:02),official_victims_pdf
mirai-udpplain,Mirai-udpplain,Mirai,Rbcior Camera,official_victims_pdf
mirai-udpplain,Mirai-udpplain,Mirai,Ring Base Station,official_victims_pdf
mirai-udpplain,Mirai-udpplain,Mirai,SIMCAM 1S (AMPAKTec),official_victims_pdf
mirai-udpplain,Mirai-udpplain,Mirai,Sonos One Speaker,official_victims_pdf
mirai-udpplain,Mirai-udpplain,Mirai,TP-Link Tapo Camera,official_victims_pdf
mirai-udpplain,Mirai-udpplain,Mirai,Teckin Light Strip,official_victims_pdf
mirai-udpplain,Mirai-udpplain,Mirai,Teckin Plug 1,official_victims_pdf
mirai-udpplain,Mirai-udpplain,Mirai,Teckin Plug 2,official_victims_pdf
mirai-udpplain,Mirai-udpplain,Mirai,Wyze Camera,official_victims_pdf
mirai-udpplain,Mirai-udpplain,Mirai,Yi Indoor 2 Camera,official_victims_pdf
mirai-udpplain,Mirai-udpplain,Mirai,Yi Indoor Camera,official_victims_pdf
mirai-udpplain,Mirai-udpplain,Mirai,Yi Outdoor Camera,official_victims_pdf
mirai-udpplain,Mirai-udpplain,Mirai,Yutron Plug 1,official_victims_pdf
mirai-udpplain,Mirai-udpplain,Mirai,Yutron Plug 2,official_victims_pdf
ddos-ack_fragmentation,DDoS-ACK_Fragmentation,DDoS,AeoTec Smart Home Hub,official_victims_pdf
ddos-ack_fragmentation,DDoS-ACK_Fragmentation,DDoS,Amazon Alexa Echo Dot 1,official_victims_pdf
ddos-ack_fragmentation,DDoS-ACK_Fragmentation,DDoS,Amazon Echo Show,official_victims_pdf
ddos-ack_fragmentation,DDoS-ACK_Fragmentation,DDoS,Amazon Alexa Echo Spot,official_victims_pdf
ddos-ack_fragmentation,DDoS-ACK_Fragmentation,DDoS,AMCREST WiFi Camera,official_victims_pdf
ddos-ack_fragmentation,DDoS-ACK_Fragmentation,DDoS,DCS8000LHA1 D-Link Mini Camera,official_victims_pdf
ddos-ack_fragmentation,DDoS-ACK_Fragmentation,DDoS,Eufy HomeBase2,official_victims_pdf
ddos-ack_fragmentation,DDoS-ACK_Fragmentation,DDoS,Globe Lamp ESP_B1680C,official_victims_pdf
ddos-ack_fragmentation,DDoS-ACK_Fragmentation,DDoS,Google Nest Mini Speaker,official_victims_pdf
ddos-ack_fragmentation,DDoS-ACK_Fragmentation,DDoS,GoSund Bulb,official_victims_pdf
ddos-ack_fragmentation,DDoS-ACK_Fragmentation,DDoS,Gosund Power strip (1),official_victims_pdf
ddos-ack_fragmentation,DDoS-ACK_Fragmentation,DDoS,GoSund Power strip (2),official_victims_pdf
ddos-ack_fragmentation,DDoS-ACK_Fragmentation,DDoS,GoSund Smart plug WP2 (1),official_victims_pdf
ddos-ack_fragmentation,DDoS-ACK_Fragmentation,DDoS,GoSund Smart Plug WP2 (2),official_victims_pdf
ddos-ack_fragmentation,DDoS-ACK_Fragmentation,DDoS,GoSund Smart plug WP2 (3),official_victims_pdf
ddos-ack_fragmentation,DDoS-ACK_Fragmentation,DDoS,GoSund Smart Plug WP3 (1),official_victims_pdf
ddos-ack_fragmentation,DDoS-ACK_Fragmentation,DDoS,Gosund Smart Plug WP3 (2),official_victims_pdf
ddos-ack_fragmentation,DDoS-ACK_Fragmentation,DDoS,HeimVision Smart WiFi Camera,official_victims_pdf
ddos-ack_fragmentation,DDoS-ACK_Fragmentation,DDoS,Home Eye Camera,official_victims_pdf
ddos-ack_fragmentation,DDoS-ACK_Fragmentation,DDoS,LampUX RGB,official_victims_pdf
ddos-ack_fragmentation,DDoS-ACK_Fragmentation,DDoS,Lumiman bulb,official_victims_pdf
ddos-ack_fragmentation,DDoS-ACK_Fragmentation,DDoS,Luohe Cam Dog,official_victims_pdf
ddos-ack_fragmentation,DDoS-ACK_Fragmentation,DDoS,Netatmo Camera,official_victims_pdf
ddos-ack_fragmentation,DDoS-ACK_Fragmentation,DDoS,Philips Hue Bridge,official_victims_pdf
ddos-ack_fragmentation,DDoS-ACK_Fragmentation,DDoS,Rbcior Camera,official_victims_pdf
ddos-ack_fragmentation,DDoS-ACK_Fragmentation,DDoS,SmartThings Hub,official_victims_pdf
ddos-ack_fragmentation,DDoS-ACK_Fragmentation,DDoS,Sonos One Speaker,official_victims_pdf
ddos-ack_fragmentation,DDoS-ACK_Fragmentation,DDoS,TP-Link Tapo Camera,official_victims_pdf
ddos-ack_fragmentation,DDoS-ACK_Fragmentation,DDoS,Teckin Light Strip,official_victims_pdf
ddos-ack_fragmentation,DDoS-ACK_Fragmentation,DDoS,Teckin Plug 1,official_victims_pdf
ddos-ack_fragmentation,DDoS-ACK_Fragmentation,DDoS,Teckin Plug 2,official_victims_pdf
ddos-ack_fragmentation,DDoS-ACK_Fragmentation,DDoS,Yutron Plug 1,official_victims_pdf
ddos-ack_fragmentation,DDoS-ACK_Fragmentation,DDoS,Yutron Plug 2,official_victims_pdf
ddos-ack_fragmentation,DDoS-ACK_Fragmentation,DDoS,HTTP Flood AMCREST WiFi Camera,official_victims_pdf
ddos-ack_fragmentation,DDoS-ACK_Fragmentation,DDoS,DCS8000LHA1 D-Link Mini Camera,official_victims_pdf
ddos-icmp_flood,DDoS-ICMP_Flood,DDoS,AeoTec Smart Home Hub,official_victims_pdf
ddos-icmp_flood,DDoS-ICMP_Flood,DDoS,Amazon Alexa Echo Dot 1,official_victims_pdf
ddos-icmp_flood,DDoS-ICMP_Flood,DDoS,Amazon Alexa Echo Dot 2,official_victims_pdf
ddos-icmp_flood,DDoS-ICMP_Flood,DDoS,Amazon Echo Show,official_victims_pdf
ddos-icmp_flood,DDoS-ICMP_Flood,DDoS,Amazon Alexa Echo Spot,official_victims_pdf
ddos-icmp_flood,DDoS-ICMP_Flood,DDoS,Amazon Alexa Echo Studio,official_victims_pdf
ddos-icmp_flood,DDoS-ICMP_Flood,DDoS,Amazon Plug,official_victims_pdf
ddos-icmp_flood,DDoS-ICMP_Flood,DDoS,AMCREST WiFi Camera,official_victims_pdf
ddos-icmp_flood,DDoS-ICMP_Flood,DDoS,Arlo Base Station,official_victims_pdf
ddos-icmp_flood,DDoS-ICMP_Flood,DDoS,Arlo Q Indoor Camera,official_victims_pdf
ddos-icmp_flood,DDoS-ICMP_Flood,DDoS,Borun/Sichuan-AI Camera,official_victims_pdf
ddos-icmp_flood,DDoS-ICMP_Flood,DDoS,Cocoon Smart HVAC Fan,official_victims_pdf
ddos-icmp_flood,DDoS-ICMP_Flood,DDoS,DCS8000LHA1 D-Link Mini Camera,official_victims_pdf
ddos-icmp_flood,DDoS-ICMP_Flood,DDoS,Eufy HomeBase2,official_victims_pdf
ddos-icmp_flood,DDoS-ICMP_Flood,DDoS,Fibaro Home Center Lite,official_victims_pdf
ddos-icmp_flood,DDoS-ICMP_Flood,DDoS,Globe Lamp ESP_B1680C,official_victims_pdf
ddos-icmp_flood,DDoS-ICMP_Flood,DDoS,Nest Indoor Camera,official_victims_pdf
ddos-icmp_flood,DDoS-ICMP_Flood,DDoS,Google Nest Mini Speaker,official_victims_pdf
ddos-icmp_flood,DDoS-ICMP_Flood,DDoS,GoSund Bulb,official_victims_pdf
ddos-icmp_flood,DDoS-ICMP_Flood,DDoS,Gosund Power strip (1),official_victims_pdf
ddos-icmp_flood,DDoS-ICMP_Flood,DDoS,GoSund Power strip (2),official_victims_pdf
ddos-icmp_flood,DDoS-ICMP_Flood,DDoS,GoSund Smart plug WP2 (1),official_victims_pdf
ddos-icmp_flood,DDoS-ICMP_Flood,DDoS,GoSund Smart Plug WP2 (2),official_victims_pdf
ddos-icmp_flood,DDoS-ICMP_Flood,DDoS,GoSund Smart plug WP2 (3),official_victims_pdf
ddos-icmp_flood,DDoS-ICMP_Flood,DDoS,GoSund Smart Plug WP3 (1),official_victims_pdf
ddos-icmp_flood,DDoS-ICMP_Flood,DDoS,Gosund Smart Plug WP3 (2),official_victims_pdf
ddos-icmp_flood,DDoS-ICMP_Flood,DDoS,harman kardon (Ampak Technology),official_victims_pdf
ddos-icmp_flood,DDoS-ICMP_Flood,DDoS,HeimVision Smart WiFi Camera,official_victims_pdf
ddos-icmp_flood,DDoS-ICMP_Flood,DDoS,HeimVision SmartLife Radio/Lamp,official_victims_pdf
ddos-icmp_flood,DDoS-ICMP_Flood,DDoS,Home Eye Camera,official_victims_pdf
ddos-icmp_flood,DDoS-ICMP_Flood,DDoS,LampUX RGB,official_victims_pdf
ddos-icmp_flood,DDoS-ICMP_Flood,DDoS,Levoit Air Purifier,official_victims_pdf
ddos-icmp_flood,DDoS-ICMP_Flood,DDoS,LIFX Lightbulb,official_victims_pdf
ddos-icmp_flood,DDoS-ICMP_Flood,DDoS,Lumiman bulb,official_victims_pdf
ddos-icmp_flood,DDoS-ICMP_Flood,DDoS,Luohe Cam Dog,official_victims_pdf
ddos-icmp_flood,DDoS-ICMP_Flood,DDoS,Netatmo Camera,official_victims_pdf
ddos-icmp_flood,DDoS-ICMP_Flood,DDoS,Philips Hue Bridge,official_victims_pdf
ddos-icmp_flood,DDoS-ICMP_Flood,DDoS,Rbcior Camera,official_victims_pdf
ddos-icmp_flood,DDoS-ICMP_Flood,DDoS,Ring Base Station,official_victims_pdf
ddos-icmp_flood,DDoS-ICMP_Flood,DDoS,SmartThings Hub,official_victims_pdf
ddos-icmp_flood,DDoS-ICMP_Flood,DDoS,Sonos One Speaker,official_victims_pdf
ddos-icmp_flood,DDoS-ICMP_Flood,DDoS,TP-Link Tapo Camera,official_victims_pdf
ddos-icmp_flood,DDoS-ICMP_Flood,DDoS,Teckin Light Strip,official_victims_pdf
ddos-icmp_flood,DDoS-ICMP_Flood,DDoS,Teckin Plug 1,official_victims_pdf
ddos-icmp_flood,DDoS-ICMP_Flood,DDoS,Teckin Plug 2,official_victims_pdf
ddos-icmp_flood,DDoS-ICMP_Flood,DDoS,Wemo smart plug 1 (Wemo id: Wemo.Mini.AD3),official_victims_pdf
ddos-icmp_flood,DDoS-ICMP_Flood,DDoS,Wemo smart plug 2 (Wemo id: Wemo.Mini.4A3),official_victims_pdf
ddos-icmp_flood,DDoS-ICMP_Flood,DDoS,Wyze Camera,official_victims_pdf
ddos-icmp_flood,DDoS-ICMP_Flood,DDoS,Yi Indoor 2 Camera,official_victims_pdf
ddos-icmp_flood,DDoS-ICMP_Flood,DDoS,Yi Indoor Camera,official_victims_pdf
ddos-icmp_flood,DDoS-ICMP_Flood,DDoS,Yi Outdoor Camera,official_victims_pdf
ddos-icmp_flood,DDoS-ICMP_Flood,DDoS,Yutron Plug 1,official_victims_pdf
ddos-icmp_flood,DDoS-ICMP_Flood,DDoS,Yutron Plug 2,official_victims_pdf
ddos-icmp_fragmentation,DDoS-ICMP_Fragmentation,DDoS,AeoTec Smart Home Hub,official_victims_pdf
ddos-icmp_fragmentation,DDoS-ICMP_Fragmentation,DDoS,Amazon Alexa Echo Dot 1,official_victims_pdf
ddos-icmp_fragmentation,DDoS-ICMP_Fragmentation,DDoS,Amazon Echo Show,official_victims_pdf
ddos-icmp_fragmentation,DDoS-ICMP_Fragmentation,DDoS,Amazon Alexa Echo Spot,official_victims_pdf
ddos-icmp_fragmentation,DDoS-ICMP_Fragmentation,DDoS,Amazon Alexa Echo Studio,official_victims_pdf
ddos-icmp_fragmentation,DDoS-ICMP_Fragmentation,DDoS,Amazon Plug,official_victims_pdf
ddos-icmp_fragmentation,DDoS-ICMP_Fragmentation,DDoS,AMCREST WiFi Camera,official_victims_pdf
ddos-icmp_fragmentation,DDoS-ICMP_Fragmentation,DDoS,Arlo Base Station,official_victims_pdf
ddos-icmp_fragmentation,DDoS-ICMP_Fragmentation,DDoS,Arlo Q Indoor Camera,official_victims_pdf
ddos-icmp_fragmentation,DDoS-ICMP_Fragmentation,DDoS,Atomi Coffee Maker,official_victims_pdf
ddos-icmp_fragmentation,DDoS-ICMP_Fragmentation,DDoS,Borun/Sichuan-AI Camera,official_victims_pdf
ddos-icmp_fragmentation,DDoS-ICMP_Fragmentation,DDoS,Cocoon Smart HVAC Fan,official_victims_pdf
ddos-icmp_fragmentation,DDoS-ICMP_Fragmentation,DDoS,DCS8000LHA1 D-Link Mini Camera,official_victims_pdf
ddos-icmp_fragmentation,DDoS-ICMP_Fragmentation,DDoS,Eufy HomeBase2,official_victims_pdf
ddos-icmp_fragmentation,DDoS-ICMP_Fragmentation,DDoS,Fibaro Home Center Lite,official_victims_pdf
ddos-icmp_fragmentation,DDoS-ICMP_Fragmentation,DDoS,Globe Lamp ESP_B1680C,official_victims_pdf
ddos-icmp_fragmentation,DDoS-ICMP_Fragmentation,DDoS,Nest Indoor Camera,official_victims_pdf
ddos-icmp_fragmentation,DDoS-ICMP_Fragmentation,DDoS,Google Nest Mini Speaker,official_victims_pdf
ddos-icmp_fragmentation,DDoS-ICMP_Fragmentation,DDoS,GoSund Bulb,official_victims_pdf
ddos-icmp_fragmentation,DDoS-ICMP_Fragmentation,DDoS,Gosund Power strip (1),official_victims_pdf
ddos-icmp_fragmentation,DDoS-ICMP_Fragmentation,DDoS,GoSund Power strip (2),official_victims_pdf
ddos-icmp_fragmentation,DDoS-ICMP_Fragmentation,DDoS,GoSund Smart plug WP2 (1),official_victims_pdf
ddos-icmp_fragmentation,DDoS-ICMP_Fragmentation,DDoS,GoSund Smart Plug WP2 (2),official_victims_pdf
ddos-icmp_fragmentation,DDoS-ICMP_Fragmentation,DDoS,GoSund Smart plug WP2 (3),official_victims_pdf
ddos-icmp_fragmentation,DDoS-ICMP_Fragmentation,DDoS,Gosund Smart Plug WP3 (2),official_victims_pdf
ddos-icmp_fragmentation,DDoS-ICMP_Fragmentation,DDoS,GoSundSmartPlug WP3 (1),official_victims_pdf
ddos-icmp_fragmentation,DDoS-ICMP_Fragmentation,DDoS,GoveeSmartHumidifier,official_victims_pdf
ddos-icmp_fragmentation,DDoS-ICMP_Fragmentation,DDoS,HeimVision Smart WiFi Camera,official_victims_pdf
ddos-icmp_fragmentation,DDoS-ICMP_Fragmentation,DDoS,harman kardon (Ampak Technology),official_victims_pdf
ddos-icmp_fragmentation,DDoS-ICMP_Fragmentation,DDoS,HeimVision SmartLife Radio/Lamp,official_victims_pdf
ddos-icmp_fragmentation,DDoS-ICMP_Fragmentation,DDoS,Home Eye Camera,official_victims_pdf
ddos-icmp_fragmentation,DDoS-ICMP_Fragmentation,DDoS,iRobot Roomba,official_victims_pdf
ddos-icmp_fragmentation,DDoS-ICMP_Fragmentation,DDoS,LampUX RGB,official_victims_pdf
ddos-icmp_fragmentation,DDoS-ICMP_Fragmentation,DDoS,Levoit Air Purifier,official_victims_pdf
ddos-icmp_fragmentation,DDoS-ICMP_Fragmentation,DDoS,LG Smart TV,official_victims_pdf
ddos-icmp_fragmentation,DDoS-ICMP_Fragmentation,DDoS,LIFX Lightbulb,official_victims_pdf
ddos-icmp_fragmentation,DDoS-ICMP_Fragmentation,DDoS,Lumiman bulb,official_victims_pdf
ddos-icmp_fragmentation,DDoS-ICMP_Fragmentation,DDoS,Luohe Cam Dog,official_victims_pdf
ddos-icmp_fragmentation,DDoS-ICMP_Fragmentation,DDoS,Netatmo Camera,official_victims_pdf
ddos-icmp_fragmentation,DDoS-ICMP_Fragmentation,DDoS,Netatmo Weather Station,official_victims_pdf
ddos-icmp_fragmentation,DDoS-ICMP_Fragmentation,DDoS,Philips Hue Bridge,official_victims_pdf
ddos-icmp_fragmentation,DDoS-ICMP_Fragmentation,DDoS,RaspberryPi (DC:A6:32:C9:E6:F4),official_victims_pdf
ddos-icmp_fragmentation,DDoS-ICMP_Fragmentation,DDoS,RaspberryPi (DC:A6:32:C9:E4:C6),official_victims_pdf
ddos-icmp_fragmentation,DDoS-ICMP_Fragmentation,DDoS,RaspberryPi (DC:A6:32:C9:E5:02),official_victims_pdf
ddos-icmp_fragmentation,DDoS-ICMP_Fragmentation,DDoS,Rbcior Camera,official_victims_pdf
ddos-icmp_fragmentation,DDoS-ICMP_Fragmentation,DDoS,Ring Base Station,official_victims_pdf
ddos-icmp_fragmentation,DDoS-ICMP_Fragmentation,DDoS,SIMCAM 1S (AMPAKTec),official_victims_pdf
ddos-icmp_fragmentation,DDoS-ICMP_Fragmentation,DDoS,SmartBoard,official_victims_pdf
ddos-icmp_fragmentation,DDoS-ICMP_Fragmentation,DDoS,SmartThings Hub,official_victims_pdf
ddos-icmp_fragmentation,DDoS-ICMP_Fragmentation,DDoS,Sonos One Speaker,official_victims_pdf
ddos-icmp_fragmentation,DDoS-ICMP_Fragmentation,DDoS,TP-Link Tapo Camera,official_victims_pdf
ddos-icmp_fragmentation,DDoS-ICMP_Fragmentation,DDoS,Teckin Light Strip,official_victims_pdf
ddos-icmp_fragmentation,DDoS-ICMP_Fragmentation,DDoS,Teckin Plug 1,official_victims_pdf
ddos-icmp_fragmentation,DDoS-ICMP_Fragmentation,DDoS,Teckin Plug 2,official_victims_pdf
ddos-icmp_fragmentation,DDoS-ICMP_Fragmentation,DDoS,Wemo smart plug 2 (Wemo id: Wemo.Mini.4A3),official_victims_pdf
ddos-icmp_fragmentation,DDoS-ICMP_Fragmentation,DDoS,Wyze Camera,official_victims_pdf
ddos-icmp_fragmentation,DDoS-ICMP_Fragmentation,DDoS,Yi Indoor 2 Camera,official_victims_pdf
ddos-icmp_fragmentation,DDoS-ICMP_Fragmentation,DDoS,Yi Indoor Camera,official_victims_pdf
ddos-icmp_fragmentation,DDoS-ICMP_Fragmentation,DDoS,Yi Outdoor Camera,official_victims_pdf
ddos-icmp_fragmentation,DDoS-ICMP_Fragmentation,DDoS,Yutron Plug 1,official_victims_pdf
ddos-icmp_fragmentation,DDoS-ICMP_Fragmentation,DDoS,Yutron Plug 2,official_victims_pdf
ddos-icmp_fragmentation,DDoS-ICMP_Fragmentation,DDoS,PSHACK Flood AeoTec Smart Home Hub,official_victims_pdf
ddos-icmp_fragmentation,DDoS-ICMP_Fragmentation,DDoS,Amazon Alexa Echo Dot 1,official_victims_pdf
ddos-icmp_fragmentation,DDoS-ICMP_Fragmentation,DDoS,Amazon Echo Show,official_victims_pdf
ddos-icmp_fragmentation,DDoS-ICMP_Fragmentation,DDoS,Amazon Alexa Echo Spot,official_victims_pdf
ddos-icmp_fragmentation,DDoS-ICMP_Fragmentation,DDoS,AMCREST WiFi Camera,official_victims_pdf
ddos-icmp_fragmentation,DDoS-ICMP_Fragmentation,DDoS,DCS8000LHA1 D-Link Mini Camera,official_victims_pdf
ddos-icmp_fragmentation,DDoS-ICMP_Fragmentation,DDoS,Eufy HomeBase2,official_victims_pdf
ddos-icmp_fragmentation,DDoS-ICMP_Fragmentation,DDoS,Globe Lamp ESP_B1680C,official_victims_pdf
ddos-icmp_fragmentation,DDoS-ICMP_Fragmentation,DDoS,Google Nest Mini Speaker,official_victims_pdf
ddos-icmp_fragmentation,DDoS-ICMP_Fragmentation,DDoS,GoSund Bulb,official_victims_pdf
ddos-icmp_fragmentation,DDoS-ICMP_Fragmentation,DDoS,Gosund Power strip (1),official_victims_pdf
ddos-icmp_fragmentation,DDoS-ICMP_Fragmentation,DDoS,GoSund Power strip (2),official_victims_pdf
ddos-icmp_fragmentation,DDoS-ICMP_Fragmentation,DDoS,GoSund Smart plug WP2 (1),official_victims_pdf
ddos-icmp_fragmentation,DDoS-ICMP_Fragmentation,DDoS,GoSund Smart Plug WP2 (2),official_victims_pdf
ddos-icmp_fragmentation,DDoS-ICMP_Fragmentation,DDoS,GoSund Smart plug WP2 (3),official_victims_pdf
ddos-icmp_fragmentation,DDoS-ICMP_Fragmentation,DDoS,GoSund Smart Plug WP3 (1),official_victims_pdf
ddos-icmp_fragmentation,DDoS-ICMP_Fragmentation,DDoS,Gosund Smart Plug WP3 (2),official_victims_pdf
ddos-icmp_fragmentation,DDoS-ICMP_Fragmentation,DDoS,HeimVision Smart WiFi Camera,official_victims_pdf
ddos-icmp_fragmentation,DDoS-ICMP_Fragmentation,DDoS,HeimVision SmartLife Radio/Lamp,official_victims_pdf
ddos-icmp_fragmentation,DDoS-ICMP_Fragmentation,DDoS,Home Eye Camera,official_victims_pdf
ddos-icmp_fragmentation,DDoS-ICMP_Fragmentation,DDoS,LampUX RGB,official_victims_pdf
ddos-icmp_fragmentation,DDoS-ICMP_Fragmentation,DDoS,Lumiman bulb,official_victims_pdf
ddos-icmp_fragmentation,DDoS-ICMP_Fragmentation,DDoS,Luohe Cam Dog,official_victims_pdf
ddos-icmp_fragmentation,DDoS-ICMP_Fragmentation,DDoS,Netatmo Camera,official_victims_pdf
ddos-icmp_fragmentation,DDoS-ICMP_Fragmentation,DDoS,Philips Hue Bridge,official_victims_pdf
ddos-icmp_fragmentation,DDoS-ICMP_Fragmentation,DDoS,Rbcior Camera,official_victims_pdf
ddos-icmp_fragmentation,DDoS-ICMP_Fragmentation,DDoS,SIMCAM 1S (AMPAKTec),official_victims_pdf
ddos-icmp_fragmentation,DDoS-ICMP_Fragmentation,DDoS,SmartThings Hub,official_victims_pdf
ddos-icmp_fragmentation,DDoS-ICMP_Fragmentation,DDoS,Sonos One Speaker,official_victims_pdf
ddos-icmp_fragmentation,DDoS-ICMP_Fragmentation,DDoS,TP-Link Tapo Camera,official_victims_pdf
ddos-icmp_fragmentation,DDoS-ICMP_Fragmentation,DDoS,Teckin Light Strip,official_victims_pdf
ddos-icmp_fragmentation,DDoS-ICMP_Fragmentation,DDoS,Teckin Plug 1,official_victims_pdf
ddos-icmp_fragmentation,DDoS-ICMP_Fragmentation,DDoS,Teckin Plug 2,official_victims_pdf
ddos-icmp_fragmentation,DDoS-ICMP_Fragmentation,DDoS,Yutron Plug 1,official_victims_pdf
ddos-icmp_fragmentation,DDoS-ICMP_Fragmentation,DDoS,Yutron Plug 2,official_victims_pdf
ddos-rstfinflood,DDoS-RSTFINFlood,DDoS,AeoTec Smart Home Hub,official_victims_pdf
ddos-rstfinflood,DDoS-RSTFINFlood,DDoS,Amazon Alexa Echo Dot 1,official_victims_pdf
ddos-rstfinflood,DDoS-RSTFINFlood,DDoS,Amazon Echo Show,official_victims_pdf
ddos-rstfinflood,DDoS-RSTFINFlood,DDoS,Amazon Alexa Echo Spot,official_victims_pdf
ddos-rstfinflood,DDoS-RSTFINFlood,DDoS,AMCREST WiFi Camera,official_victims_pdf
ddos-rstfinflood,DDoS-RSTFINFlood,DDoS,DCS8000LHA1 D-Link Mini Camera,official_victims_pdf
ddos-rstfinflood,DDoS-RSTFINFlood,DDoS,Eufy HomeBase2,official_victims_pdf
ddos-rstfinflood,DDoS-RSTFINFlood,DDoS,Globe Lamp ESP_B1680C,official_victims_pdf
ddos-rstfinflood,DDoS-RSTFINFlood,DDoS,Google Nest Mini Speaker,official_victims_pdf
ddos-rstfinflood,DDoS-RSTFINFlood,DDoS,GoSund Bulb,official_victims_pdf
ddos-rstfinflood,DDoS-RSTFINFlood,DDoS,Gosund Power strip (1),official_victims_pdf
ddos-rstfinflood,DDoS-RSTFINFlood,DDoS,GoSund Power strip (2),official_victims_pdf
ddos-rstfinflood,DDoS-RSTFINFlood,DDoS,GoSund Smart plug WP2 (1),official_victims_pdf
ddos-rstfinflood,DDoS-RSTFINFlood,DDoS,GoSund Smart Plug WP2 (2),official_victims_pdf
ddos-rstfinflood,DDoS-RSTFINFlood,DDoS,GoSund Smart plug WP2 (3),official_victims_pdf
ddos-rstfinflood,DDoS-RSTFINFlood,DDoS,GoSund Smart Plug WP3 (1),official_victims_pdf
ddos-rstfinflood,DDoS-RSTFINFlood,DDoS,Gosund Smart Plug WP3 (2),official_victims_pdf
ddos-rstfinflood,DDoS-RSTFINFlood,DDoS,HeimVision Smart WiFi Camera,official_victims_pdf
ddos-rstfinflood,DDoS-RSTFINFlood,DDoS,Home Eye Camera,official_victims_pdf
ddos-rstfinflood,DDoS-RSTFINFlood,DDoS,LampUX RGB,official_victims_pdf
ddos-rstfinflood,DDoS-RSTFINFlood,DDoS,Lumiman bulb,official_victims_pdf
ddos-rstfinflood,DDoS-RSTFINFlood,DDoS,Luohe Cam Dog,official_victims_pdf
ddos-rstfinflood,DDoS-RSTFINFlood,DDoS,Netatmo Camera,official_victims_pdf
ddos-rstfinflood,DDoS-RSTFINFlood,DDoS,Philips Hue Bridge,official_victims_pdf
ddos-rstfinflood,DDoS-RSTFINFlood,DDoS,Rbcior Camera,official_victims_pdf
ddos-rstfinflood,DDoS-RSTFINFlood,DDoS,SmartThings Hub,official_victims_pdf
ddos-rstfinflood,DDoS-RSTFINFlood,DDoS,Sonos One Speaker,official_victims_pdf
ddos-rstfinflood,DDoS-RSTFINFlood,DDoS,TP-Link Tapo Camera,official_victims_pdf
ddos-rstfinflood,DDoS-RSTFINFlood,DDoS,Teckin Light Strip,official_victims_pdf
ddos-rstfinflood,DDoS-RSTFINFlood,DDoS,Teckin Plug 1,official_victims_pdf
ddos-rstfinflood,DDoS-RSTFINFlood,DDoS,Teckin Plug 2,official_victims_pdf
ddos-rstfinflood,DDoS-RSTFINFlood,DDoS,Yutron Plug 1,official_victims_pdf
ddos-rstfinflood,DDoS-RSTFINFlood,DDoS,Yutron Plug 2,official_victims_pdf
ddos-slowloris,DDoS-SlowLoris,DDoS,AMCREST WiFi Camera,official_victims_pdf
ddos-slowloris,DDoS-SlowLoris,DDoS,DCS8000LHA1 D-Link Mini Camera,official_victims_pdf
ddos-slowloris,DDoS-SlowLoris,DDoS,Eufy HomeBase2,official_victims_pdf
ddos-slowloris,DDoS-SlowLoris,DDoS,Google Nest Mini Speaker,official_victims_pdf
ddos-slowloris,DDoS-SlowLoris,DDoS,HeimVision Smart WiFi Camera,official_victims_pdf
ddos-slowloris,DDoS-SlowLoris,DDoS,harman kardon (Ampak Technology),official_victims_pdf
ddos-slowloris,DDoS-SlowLoris,DDoS,LIFX Lightbulb,official_victims_pdf
ddos-slowloris,DDoS-SlowLoris,DDoS,Netatmo Camera,official_victims_pdf
ddos-slowloris,DDoS-SlowLoris,DDoS,Philips Hue Bridge,official_victims_pdf
ddos-slowloris,DDoS-SlowLoris,DDoS,RaspberryPi (DC:A6:32:C9:E6:F4),official_victims_pdf
ddos-slowloris,DDoS-SlowLoris,DDoS,RaspberryPi (DC:A6:32:C9:E4:C6),official_victims_pdf
ddos-slowloris,DDoS-SlowLoris,DDoS,RaspberryPi (DC:A6:32:C9:E5:02),official_victims_pdf
ddos-slowloris,DDoS-SlowLoris,DDoS,TP-Link Tapo Camera,official_victims_pdf
ddos-synonymousip_flood,DDoS-SynonymousIP_Flood,DDoS,AeoTec Smart Home Hub,official_victims_pdf
ddos-synonymousip_flood,DDoS-SynonymousIP_Flood,DDoS,Amazon Alexa Echo Dot 1,official_victims_pdf
ddos-synonymousip_flood,DDoS-SynonymousIP_Flood,DDoS,Amazon Echo Show,official_victims_pdf
ddos-synonymousip_flood,DDoS-SynonymousIP_Flood,DDoS,Amazon Alexa Echo Spot,official_victims_pdf
ddos-synonymousip_flood,DDoS-SynonymousIP_Flood,DDoS,AMCREST WiFi Camera,official_victims_pdf
ddos-synonymousip_flood,DDoS-SynonymousIP_Flood,DDoS,DCS8000LHA1 D-Link Mini Camera,official_victims_pdf
ddos-synonymousip_flood,DDoS-SynonymousIP_Flood,DDoS,Eufy HomeBase2,official_victims_pdf
ddos-synonymousip_flood,DDoS-SynonymousIP_Flood,DDoS,Globe Lamp ESP_B1680C,official_victims_pdf
ddos-synonymousip_flood,DDoS-SynonymousIP_Flood,DDoS,Google Nest Mini Speaker,official_victims_pdf
ddos-synonymousip_flood,DDoS-SynonymousIP_Flood,DDoS,GoSund Bulb,official_victims_pdf
ddos-synonymousip_flood,DDoS-SynonymousIP_Flood,DDoS,Gosund Power strip (1),official_victims_pdf
ddos-synonymousip_flood,DDoS-SynonymousIP_Flood,DDoS,GoSund Power strip (2),official_victims_pdf
ddos-synonymousip_flood,DDoS-SynonymousIP_Flood,DDoS,GoSund Smart plug WP2 (1),official_victims_pdf
ddos-synonymousip_flood,DDoS-SynonymousIP_Flood,DDoS,GoSund Smart Plug WP2 (2),official_victims_pdf
ddos-synonymousip_flood,DDoS-SynonymousIP_Flood,DDoS,GoSund Smart plug WP2 (3),official_victims_pdf
ddos-synonymousip_flood,DDoS-SynonymousIP_Flood,DDoS,GoSund Smart Plug WP3 (1),official_victims_pdf
ddos-synonymousip_flood,DDoS-SynonymousIP_Flood,DDoS,Gosund Smart Plug WP3 (2),official_victims_pdf
ddos-synonymousip_flood,DDoS-SynonymousIP_Flood,DDoS,HeimVision Smart WiFi Camera,official_victims_pdf
ddos-synonymousip_flood,DDoS-SynonymousIP_Flood,DDoS,Home Eye Camera,official_victims_pdf
ddos-synonymousip_flood,DDoS-SynonymousIP_Flood,DDoS,LampUX RGB,official_victims_pdf
ddos-synonymousip_flood,DDoS-SynonymousIP_Flood,DDoS,Lumiman bulb,official_victims_pdf
ddos-synonymousip_flood,DDoS-SynonymousIP_Flood,DDoS,Luohe Cam Dog,official_victims_pdf
ddos-synonymousip_flood,DDoS-SynonymousIP_Flood,DDoS,Netatmo Camera,official_victims_pdf
ddos-synonymousip_flood,DDoS-SynonymousIP_Flood,DDoS,Philips Hue Bridge,official_victims_pdf
ddos-synonymousip_flood,DDoS-SynonymousIP_Flood,DDoS,Rbcior Camera,official_victims_pdf
ddos-synonymousip_flood,DDoS-SynonymousIP_Flood,DDoS,SmartThings Hub,official_victims_pdf
ddos-synonymousip_flood,DDoS-SynonymousIP_Flood,DDoS,Sonos One Speaker,official_victims_pdf
ddos-synonymousip_flood,DDoS-SynonymousIP_Flood,DDoS,TP-Link Tapo Camera,official_victims_pdf
ddos-synonymousip_flood,DDoS-SynonymousIP_Flood,DDoS,Teckin Light Strip,official_victims_pdf
ddos-synonymousip_flood,DDoS-SynonymousIP_Flood,DDoS,Teckin Plug 1,official_victims_pdf
ddos-synonymousip_flood,DDoS-SynonymousIP_Flood,DDoS,Teckin Plug 2,official_victims_pdf
ddos-synonymousip_flood,DDoS-SynonymousIP_Flood,DDoS,Yutron Plug 1,official_victims_pdf
ddos-synonymousip_flood,DDoS-SynonymousIP_Flood,DDoS,Yutron Plug 2,official_victims_pdf
ddos-syn_flood,DDoS-SYN_Flood,DDoS,AeoTec Smart Home Hub,official_victims_pdf
ddos-syn_flood,DDoS-SYN_Flood,DDoS,Amazon Alexa Echo Dot 1,official_victims_pdf
ddos-syn_flood,DDoS-SYN_Flood,DDoS,Amazon Alexa Echo Dot 2,official_victims_pdf
ddos-syn_flood,DDoS-SYN_Flood,DDoS,Amazon Echo Show,official_victims_pdf
ddos-syn_flood,DDoS-SYN_Flood,DDoS,Amazon Alexa Echo Spot,official_victims_pdf
ddos-syn_flood,DDoS-SYN_Flood,DDoS,AMCREST WiFi Camera,official_victims_pdf
ddos-syn_flood,DDoS-SYN_Flood,DDoS,DCS8000LHA1 D-Link Mini Camera,official_victims_pdf
ddos-syn_flood,DDoS-SYN_Flood,DDoS,Eufy HomeBase2,official_victims_pdf
ddos-syn_flood,DDoS-SYN_Flood,DDoS,Globe Lamp ESP_B1680C,official_victims_pdf
ddos-syn_flood,DDoS-SYN_Flood,DDoS,Google Nest Mini Speaker,official_victims_pdf
ddos-syn_flood,DDoS-SYN_Flood,DDoS,GoSund Bulb,official_victims_pdf
ddos-syn_flood,DDoS-SYN_Flood,DDoS,Gosund Power strip (1),official_victims_pdf
ddos-syn_flood,DDoS-SYN_Flood,DDoS,GoSund Power strip (2),official_victims_pdf
ddos-syn_flood,DDoS-SYN_Flood,DDoS,GoSund Smart plug WP2 (1),official_victims_pdf
ddos-syn_flood,DDoS-SYN_Flood,DDoS,GoSund Smart Plug WP2 (2),official_victims_pdf
ddos-syn_flood,DDoS-SYN_Flood,DDoS,GoSund Smart plug WP2 (3),official_victims_pdf
ddos-syn_flood,DDoS-SYN_Flood,DDoS,GoSund Smart Plug WP3 (1),official_victims_pdf
ddos-syn_flood,DDoS-SYN_Flood,DDoS,Gosund Smart Plug WP3 (2),official_victims_pdf
ddos-syn_flood,DDoS-SYN_Flood,DDoS,HeimVision Smart WiFi Camera,official_victims_pdf
ddos-syn_flood,DDoS-SYN_Flood,DDoS,harman kardon (Ampak Technology),official_victims_pdf
ddos-syn_flood,DDoS-SYN_Flood,DDoS,HeimVision SmartLife Radio/Lamp,official_victims_pdf
ddos-syn_flood,DDoS-SYN_Flood,DDoS,HomeEye,official_victims_pdf
ddos-syn_flood,DDoS-SYN_Flood,DDoS,LampUX RGB,official_victims_pdf
ddos-syn_flood,DDoS-SYN_Flood,DDoS,LIFX Lightbulb,official_victims_pdf
ddos-syn_flood,DDoS-SYN_Flood,DDoS,Lumiman bulb,official_victims_pdf
ddos-syn_flood,DDoS-SYN_Flood,DDoS,Luohe Cam Dog,official_victims_pdf
ddos-syn_flood,DDoS-SYN_Flood,DDoS,Netatmo Camera,official_victims_pdf
ddos-syn_flood,DDoS-SYN_Flood,DDoS,Philips Hue Bridge,official_victims_pdf
ddos-syn_flood,DDoS-SYN_Flood,DDoS,Rbcior Camera,official_victims_pdf
ddos-syn_flood,DDoS-SYN_Flood,DDoS,SIMCAM 1S (AMPAKTec),official_victims_pdf
ddos-syn_flood,DDoS-SYN_Flood,DDoS,SmartThings Hub,official_victims_pdf
ddos-syn_flood,DDoS-SYN_Flood,DDoS,Sonos One Speaker,official_victims_pdf
ddos-syn_flood,DDoS-SYN_Flood,DDoS,TP-Link Tapo Camera,official_victims_pdf
ddos-syn_flood,DDoS-SYN_Flood,DDoS,Teckin Light Strip,official_victims_pdf
ddos-syn_flood,DDoS-SYN_Flood,DDoS,Teckin Plug 1,official_victims_pdf
ddos-syn_flood,DDoS-SYN_Flood,DDoS,Teckin Plug 2,official_victims_pdf
ddos-syn_flood,DDoS-SYN_Flood,DDoS,Wemo smart plug 1 (Wemo id: Wemo.Mini.AD3),official_victims_pdf
ddos-syn_flood,DDoS-SYN_Flood,DDoS,Wemo smart plug 2 (Wemo id: Wemo.Mini.4A3),official_victims_pdf
ddos-syn_flood,DDoS-SYN_Flood,DDoS,Yutron Plug 1,official_victims_pdf
ddos-syn_flood,DDoS-SYN_Flood,DDoS,Yutron Plug 2,official_victims_pdf
ddos-tcp_flood,DDoS-TCP_Flood,DDoS,AeoTec Smart Home Hub,official_victims_pdf
ddos-tcp_flood,DDoS-TCP_Flood,DDoS,Amazon Alexa Echo Dot 1,official_victims_pdf
ddos-tcp_flood,DDoS-TCP_Flood,DDoS,Amazon Alexa Echo Dot 2,official_victims_pdf
ddos-tcp_flood,DDoS-TCP_Flood,DDoS,Amazon Echo Show,official_victims_pdf
ddos-tcp_flood,DDoS-TCP_Flood,DDoS,Amazon Alexa Echo Spot,official_victims_pdf
ddos-tcp_flood,DDoS-TCP_Flood,DDoS,AMCREST WiFi Camera,official_victims_pdf
ddos-tcp_flood,DDoS-TCP_Flood,DDoS,DCS8000LHA1 D-Link Mini Camera,official_victims_pdf
ddos-tcp_flood,DDoS-TCP_Flood,DDoS,Eufy HomeBase2,official_victims_pdf
ddos-tcp_flood,DDoS-TCP_Flood,DDoS,Globe Lamp ESP_B1680C,official_victims_pdf
ddos-tcp_flood,DDoS-TCP_Flood,DDoS,Google Nest Mini Speaker,official_victims_pdf
ddos-tcp_flood,DDoS-TCP_Flood,DDoS,GoSund Bulb,official_victims_pdf
ddos-tcp_flood,DDoS-TCP_Flood,DDoS,Gosund Power strip (1),official_victims_pdf
ddos-tcp_flood,DDoS-TCP_Flood,DDoS,GoSund Power strip (2),official_victims_pdf
ddos-tcp_flood,DDoS-TCP_Flood,DDoS,Gosund Smart Plug WP3 (2),official_victims_pdf
ddos-tcp_flood,DDoS-TCP_Flood,DDoS,GoSundSmartPlug WP2 (1),official_victims_pdf
ddos-tcp_flood,DDoS-TCP_Flood,DDoS,GoSundSmartPlug WP2 (2),official_victims_pdf
ddos-tcp_flood,DDoS-TCP_Flood,DDoS,GoSundSmartPlug WP2 (3),official_victims_pdf
ddos-tcp_flood,DDoS-TCP_Flood,DDoS,GoSundSmartPlug WP3 (1),official_victims_pdf
ddos-tcp_flood,DDoS-TCP_Flood,DDoS,harman kardon (Ampak Technology),official_victims_pdf
ddos-tcp_flood,DDoS-TCP_Flood,DDoS,HeimVision SmartLife Radio/Lamp,official_victims_pdf
ddos-tcp_flood,DDoS-TCP_Flood,DDoS,LampUX RGB,official_victims_pdf
ddos-tcp_flood,DDoS-TCP_Flood,DDoS,LIFX Lightbulb,official_victims_pdf
ddos-tcp_flood,DDoS-TCP_Flood,DDoS,Lumiman bulb,official_victims_pdf
ddos-tcp_flood,DDoS-TCP_Flood,DDoS,Luohe Cam Dog,official_victims_pdf
ddos-tcp_flood,DDoS-TCP_Flood,DDoS,Netatmo Camera,official_victims_pdf
ddos-tcp_flood,DDoS-TCP_Flood,DDoS,Philips Hue Bridge,official_victims_pdf
ddos-tcp_flood,DDoS-TCP_Flood,DDoS,Rbcior Camera,official_victims_pdf
ddos-tcp_flood,DDoS-TCP_Flood,DDoS,SIMCAM 1S (AMPAKTec),official_victims_pdf
ddos-tcp_flood,DDoS-TCP_Flood,DDoS,SmartThings Hub,official_victims_pdf
ddos-tcp_flood,DDoS-TCP_Flood,DDoS,Sonos One Speaker,official_victims_pdf
ddos-tcp_flood,DDoS-TCP_Flood,DDoS,TP-Link Tapo Camera,official_victims_pdf
ddos-tcp_flood,DDoS-TCP_Flood,DDoS,Teckin Light Strip,official_victims_pdf
ddos-tcp_flood,DDoS-TCP_Flood,DDoS,Teckin Plug 1,official_victims_pdf
ddos-tcp_flood,DDoS-TCP_Flood,DDoS,Teckin Plug 2,official_victims_pdf
ddos-tcp_flood,DDoS-TCP_Flood,DDoS,Wemo smart plug 1 (Wemo id: Wemo.Mini.AD3),official_victims_pdf
ddos-tcp_flood,DDoS-TCP_Flood,DDoS,Wemo smart plug 2 (Wemo id: Wemo.Mini.4A3),official_victims_pdf
ddos-tcp_flood,DDoS-TCP_Flood,DDoS,Yutron Plug 1,official_victims_pdf
ddos-tcp_flood,DDoS-TCP_Flood,DDoS,Yutron Plug 2,official_victims_pdf
ddos-udp_flood,DDoS-UDP_Flood,DDoS,AeoTec Smart Home Hub,official_victims_pdf
ddos-udp_flood,DDoS-UDP_Flood,DDoS,Amazon Alexa Echo Dot 1,official_victims_pdf
ddos-udp_flood,DDoS-UDP_Flood,DDoS,Amazon Alexa Echo Dot 2,official_victims_pdf
ddos-udp_flood,DDoS-UDP_Flood,DDoS,Amazon Echo Show,official_victims_pdf
ddos-udp_flood,DDoS-UDP_Flood,DDoS,Amazon Alexa Echo Spot,official_victims_pdf
ddos-udp_flood,DDoS-UDP_Flood,DDoS,Amazon Alexa Echo Studio,official_victims_pdf
ddos-udp_flood,DDoS-UDP_Flood,DDoS,Amazon Plug,official_victims_pdf
ddos-udp_flood,DDoS-UDP_Flood,DDoS,AMCREST WiFi Camera,official_victims_pdf
ddos-udp_flood,DDoS-UDP_Flood,DDoS,Arlo Q Indoor Camera,official_victims_pdf
ddos-udp_flood,DDoS-UDP_Flood,DDoS,DCS8000LHA1 D-Link Mini Camera,official_victims_pdf
ddos-udp_flood,DDoS-UDP_Flood,DDoS,Globe Lamp ESP_B1680C,official_victims_pdf
ddos-udp_flood,DDoS-UDP_Flood,DDoS,Google Nest Mini Speaker,official_victims_pdf
ddos-udp_flood,DDoS-UDP_Flood,DDoS,GoSund Bulb,official_victims_pdf
ddos-udp_flood,DDoS-UDP_Flood,DDoS,Gosund Power strip (1),official_victims_pdf
ddos-udp_flood,DDoS-UDP_Flood,DDoS,GoSund Power strip (2),official_victims_pdf
ddos-udp_flood,DDoS-UDP_Flood,DDoS,GoSund Smart plug WP2 (1),official_victims_pdf
ddos-udp_flood,DDoS-UDP_Flood,DDoS,GoSund Smart Plug WP2 (2),official_victims_pdf
ddos-udp_flood,DDoS-UDP_Flood,DDoS,GoSund Smart plug WP2 (3),official_victims_pdf
ddos-udp_flood,DDoS-UDP_Flood,DDoS,GoSund Smart Plug WP3 (1),official_victims_pdf
ddos-udp_flood,DDoS-UDP_Flood,DDoS,Gosund Smart Plug WP3 (2),official_victims_pdf
ddos-udp_flood,DDoS-UDP_Flood,DDoS,Govee Smart Humidifer,official_victims_pdf
ddos-udp_flood,DDoS-UDP_Flood,DDoS,HeimVision Smart WiFi Camera,official_victims_pdf
ddos-udp_flood,DDoS-UDP_Flood,DDoS,harman kardon (Ampak Technology),official_victims_pdf
ddos-udp_flood,DDoS-UDP_Flood,DDoS,Home Eye Camera,official_victims_pdf
ddos-udp_flood,DDoS-UDP_Flood,DDoS,LampUX RGB,official_victims_pdf
ddos-udp_flood,DDoS-UDP_Flood,DDoS,Levoit Air Purifier,official_victims_pdf
ddos-udp_flood,DDoS-UDP_Flood,DDoS,LIFX Lightbulb,official_victims_pdf
ddos-udp_flood,DDoS-UDP_Flood,DDoS,Luohe Cam Dog,official_victims_pdf
ddos-udp_flood,DDoS-UDP_Flood,DDoS,Nest Indoor Camera,official_victims_pdf
ddos-udp_flood,DDoS-UDP_Flood,DDoS,Netatmo Camera,official_victims_pdf
ddos-udp_flood,DDoS-UDP_Flood,DDoS,Philips Hue Bridge,official_victims_pdf
ddos-udp_flood,DDoS-UDP_Flood,DDoS,Rbcior Camera,official_victims_pdf
ddos-udp_flood,DDoS-UDP_Flood,DDoS,SIMCAM 1S (AMPAKTec),official_victims_pdf
ddos-udp_flood,DDoS-UDP_Flood,DDoS,SmartThings Hub,official_victims_pdf
ddos-udp_flood,DDoS-UDP_Flood,DDoS,Sonos One Speaker,official_victims_pdf
ddos-udp_flood,DDoS-UDP_Flood,DDoS,TP-Link Tapo Camera,official_victims_pdf
ddos-udp_flood,DDoS-UDP_Flood,DDoS,Teckin Light Strip,official_victims_pdf
ddos-udp_flood,DDoS-UDP_Flood,DDoS,Teckin Plug 1,official_victims_pdf
ddos-udp_flood,DDoS-UDP_Flood,DDoS,Teckin Plug 2,official_victims_pdf
ddos-udp_flood,DDoS-UDP_Flood,DDoS,Wemo smart plug 1 (Wemo id: Wemo.Mini.AD3),official_victims_pdf
ddos-udp_flood,DDoS-UDP_Flood,DDoS,Wyze Camera,official_victims_pdf
ddos-udp_flood,DDoS-UDP_Flood,DDoS,Yi Indoor 2 Camera,official_victims_pdf
ddos-udp_flood,DDoS-UDP_Flood,DDoS,Yi Indoor Camera,official_victims_pdf
ddos-udp_flood,DDoS-UDP_Flood,DDoS,Yi Outdoor Camera,official_victims_pdf
ddos-udp_flood,DDoS-UDP_Flood,DDoS,Yutron Plug 1,official_victims_pdf
ddos-udp_flood,DDoS-UDP_Flood,DDoS,Yutron Plug 2,official_victims_pdf
ddos-udp_fragmentation,DDoS-UDP_Fragmentation,DDoS,AeoTec Smart Home Hub,official_victims_pdf
ddos-udp_fragmentation,DDoS-UDP_Fragmentation,DDoS,Amazon Alexa Echo Dot 1,official_victims_pdf
ddos-udp_fragmentation,DDoS-UDP_Fragmentation,DDoS,Amazon Echo Show,official_victims_pdf
ddos-udp_fragmentation,DDoS-UDP_Fragmentation,DDoS,Amazon Alexa Echo Spot,official_victims_pdf
ddos-udp_fragmentation,DDoS-UDP_Fragmentation,DDoS,Amazon Alexa Echo Studio,official_victims_pdf
ddos-udp_fragmentation,DDoS-UDP_Fragmentation,DDoS,Amazon Plug,official_victims_pdf
ddos-udp_fragmentation,DDoS-UDP_Fragmentation,DDoS,AMCREST WiFi Camera,official_victims_pdf
ddos-udp_fragmentation,DDoS-UDP_Fragmentation,DDoS,Arlo Q Indoor Camera,official_victims_pdf
ddos-udp_fragmentation,DDoS-UDP_Fragmentation,DDoS,DCS8000LHA1 D-Link Mini Camera,official_victims_pdf
ddos-udp_fragmentation,DDoS-UDP_Fragmentation,DDoS,Globe Lamp ESP_B1680C,official_victims_pdf
ddos-udp_fragmentation,DDoS-UDP_Fragmentation,DDoS,Nest Indoor Camera,official_victims_pdf
ddos-udp_fragmentation,DDoS-UDP_Fragmentation,DDoS,Google Nest Mini Speaker,official_victims_pdf
ddos-udp_fragmentation,DDoS-UDP_Fragmentation,DDoS,GoSund Bulb,official_victims_pdf
ddos-udp_fragmentation,DDoS-UDP_Fragmentation,DDoS,Gosund Power strip (1),official_victims_pdf
ddos-udp_fragmentation,DDoS-UDP_Fragmentation,DDoS,GoSund Power strip (2),official_victims_pdf
ddos-udp_fragmentation,DDoS-UDP_Fragmentation,DDoS,GoSund Smart plug WP2 (1),official_victims_pdf
ddos-udp_fragmentation,DDoS-UDP_Fragmentation,DDoS,GoSund Smart Plug WP2 (2),official_victims_pdf
ddos-udp_fragmentation,DDoS-UDP_Fragmentation,DDoS,GoSund Smart plug WP2 (3),official_victims_pdf
ddos-udp_fragmentation,DDoS-UDP_Fragmentation,DDoS,GoSund Smart Plug WP3 (1),official_victims_pdf
ddos-udp_fragmentation,DDoS-UDP_Fragmentation,DDoS,Gosund Smart Plug WP3 (2),official_victims_pdf
ddos-udp_fragmentation,DDoS-UDP_Fragmentation,DDoS,Govee Smart Humidifer,official_victims_pdf
ddos-udp_fragmentation,DDoS-UDP_Fragmentation,DDoS,HeimVision Smart WiFi Camera,official_victims_pdf
ddos-udp_fragmentation,DDoS-UDP_Fragmentation,DDoS,Home Eye Camera,official_victims_pdf
ddos-udp_fragmentation,DDoS-UDP_Fragmentation,DDoS,LampUX RGB,official_victims_pdf
ddos-udp_fragmentation,DDoS-UDP_Fragmentation,DDoS,Levoit Air Purifier,official_victims_pdf
ddos-udp_fragmentation,DDoS-UDP_Fragmentation,DDoS,LG Smart TV,official_victims_pdf
ddos-udp_fragmentation,DDoS-UDP_Fragmentation,DDoS,LIFX Lightbulb,official_victims_pdf
ddos-udp_fragmentation,DDoS-UDP_Fragmentation,DDoS,Luohe Cam Dog,official_victims_pdf
ddos-udp_fragmentation,DDoS-UDP_Fragmentation,DDoS,Netatmo Camera,official_victims_pdf
ddos-udp_fragmentation,DDoS-UDP_Fragmentation,DDoS,Philips Hue Bridge,official_victims_pdf
ddos-udp_fragmentation,DDoS-UDP_Fragmentation,DDoS,Rbcior Camera,official_victims_pdf
ddos-udp_fragmentation,DDoS-UDP_Fragmentation,DDoS,SmartThings Hub,official_victims_pdf
ddos-udp_fragmentation,DDoS-UDP_Fragmentation,DDoS,Sonos One Speaker,official_victims_pdf
ddos-udp_fragmentation,DDoS-UDP_Fragmentation,DDoS,TP-Link Tapo Camera,official_victims_pdf
ddos-udp_fragmentation,DDoS-UDP_Fragmentation,DDoS,Teckin Light Strip,official_victims_pdf
ddos-udp_fragmentation,DDoS-UDP_Fragmentation,DDoS,Teckin Plug 1,official_victims_pdf
ddos-udp_fragmentation,DDoS-UDP_Fragmentation,DDoS,Teckin Plug 2,official_victims_pdf
ddos-udp_fragmentation,DDoS-UDP_Fragmentation,DDoS,Wyze Camera,official_victims_pdf
ddos-udp_fragmentation,DDoS-UDP_Fragmentation,DDoS,Yi Indoor 2 Camera,official_victims_pdf
ddos-udp_fragmentation,DDoS-UDP_Fragmentation,DDoS,Yi Indoor Camera,official_victims_pdf
ddos-udp_fragmentation,DDoS-UDP_Fragmentation,DDoS,Yi Outdoor Camera,official_victims_pdf
ddos-udp_fragmentation,DDoS-UDP_Fragmentation,DDoS,Yutron Plug 1,official_victims_pdf
ddos-udp_fragmentation,DDoS-UDP_Fragmentation,DDoS,Yutron Plug 2,official_victims_pdf
dns_spoofing,DNS_Spoofing,Spoofing,Amazon Alexa Echo Dot 1,official_victims_pdf
dns_spoofing,DNS_Spoofing,Spoofing,Amazon Echo Show,official_victims_pdf
dns_spoofing,DNS_Spoofing,Spoofing,Amazon Alexa Echo Spot,official_victims_pdf
dns_spoofing,DNS_Spoofing,Spoofing,Amazon Alexa Echo Studio,official_victims_pdf
dns_spoofing,DNS_Spoofing,Spoofing,Amazon Plug,official_victims_pdf
dns_spoofing,DNS_Spoofing,Spoofing,AMCREST WiFi Camera,official_victims_pdf
dns_spoofing,DNS_Spoofing,Spoofing,Arlo Base Station,official_victims_pdf
dns_spoofing,DNS_Spoofing,Spoofing,Arlo Q Indoor Camera,official_victims_pdf
dns_spoofing,DNS_Spoofing,Spoofing,AtomiCoffeeMaker,official_victims_pdf
dns_spoofing,DNS_Spoofing,Spoofing,Cocoon Smart HVAC Fan,official_victims_pdf
dns_spoofing,DNS_Spoofing,Spoofing,DCS8000LHA1 D-Link Mini Camera,official_victims_pdf
dns_spoofing,DNS_Spoofing,Spoofing,Eufy HomeBase2,official_victims_pdf
dns_spoofing,DNS_Spoofing,Spoofing,Globe Lamp ESP_B1680C,official_victims_pdf
dns_spoofing,DNS_Spoofing,Spoofing,Nest Indoor Camera,official_victims_pdf
dns_spoofing,DNS_Spoofing,Spoofing,Google Nest Mini Speaker,official_victims_pdf
dns_spoofing,DNS_Spoofing,Spoofing,GoSund Bulb,official_victims_pdf
dns_spoofing,DNS_Spoofing,Spoofing,Gosund Power strip (1),official_victims_pdf
dns_spoofing,DNS_Spoofing,Spoofing,GoSund Power strip (2),official_victims_pdf
dns_spoofing,DNS_Spoofing,Spoofing,GoSund Smart plug WP2 (1),official_victims_pdf
dns_spoofing,DNS_Spoofing,Spoofing,GoSund Smart Plug WP2 (2),official_victims_pdf
dns_spoofing,DNS_Spoofing,Spoofing,GoSund Smart plug WP2 (3),official_victims_pdf
dns_spoofing,DNS_Spoofing,Spoofing,GoSund Smart Plug WP3 (1),official_victims_pdf
dns_spoofing,DNS_Spoofing,Spoofing,Gosund Smart Plug WP3 (2),official_victims_pdf
dns_spoofing,DNS_Spoofing,Spoofing,Govee Smart Humidifier,official_victims_pdf
dns_spoofing,DNS_Spoofing,Spoofing,HeimVision Smart WiFi Camera,official_victims_pdf
dns_spoofing,DNS_Spoofing,Spoofing,harman kardon (Ampak Technology),official_victims_pdf
dns_spoofing,DNS_Spoofing,Spoofing,HeimVision SmartLife Radio/Lamp,official_victims_pdf
dns_spoofing,DNS_Spoofing,Spoofing,Home Eye Camera,official_victims_pdf
dns_spoofing,DNS_Spoofing,Spoofing,iRobot Roomba,official_victims_pdf
dns_spoofing,DNS_Spoofing,Spoofing,LampUX RGB,official_victims_pdf
dns_spoofing,DNS_Spoofing,Spoofing,Levoit Air Purifier,official_victims_pdf
dns_spoofing,DNS_Spoofing,Spoofing,LG Smart TV,official_victims_pdf
dns_spoofing,DNS_Spoofing,Spoofing,LIFX Lightbulb,official_victims_pdf
dns_spoofing,DNS_Spoofing,Spoofing,Lumiman bulb,official_victims_pdf
dns_spoofing,DNS_Spoofing,Spoofing,Luohe Cam Dog,official_victims_pdf
dns_spoofing,DNS_Spoofing,Spoofing,Netatmo Camera,official_victims_pdf
dns_spoofing,DNS_Spoofing,Spoofing,Netatmo Weather Station,official_victims_pdf
dns_spoofing,DNS_Spoofing,Spoofing,Philips Hue Bridge,official_victims_pdf
dns_spoofing,DNS_Spoofing,Spoofing,RaspberryPi (DC:A6:32:C9:E6:F4),official_victims_pdf
dns_spoofing,DNS_Spoofing,Spoofing,RaspberryPi (DC:A6:32:C9:E4:C6),official_victims_pdf
dns_spoofing,DNS_Spoofing,Spoofing,RaspberryPi (DC:A6:32:C9:E5:02),official_victims_pdf
dns_spoofing,DNS_Spoofing,Spoofing,Rbcior Camera,official_victims_pdf
dns_spoofing,DNS_Spoofing,Spoofing,Ring Base Station,official_victims_pdf
dns_spoofing,DNS_Spoofing,Spoofing,SIMCAM 1S (AMPAKTec),official_victims_pdf
dns_spoofing,DNS_Spoofing,Spoofing,Smart Board,official_victims_pdf
dns_spoofing,DNS_Spoofing,Spoofing,Sonos One Speaker,official_victims_pdf
dns_spoofing,DNS_Spoofing,Spoofing,TP-Link Tapo Camera,official_victims_pdf
dns_spoofing,DNS_Spoofing,Spoofing,Teckin Light Strip,official_victims_pdf
dns_spoofing,DNS_Spoofing,Spoofing,Teckin Plug 1,official_victims_pdf
dns_spoofing,DNS_Spoofing,Spoofing,Teckin Plug 2,official_victims_pdf
dns_spoofing,DNS_Spoofing,Spoofing,Wyze Camera,official_victims_pdf
dns_spoofing,DNS_Spoofing,Spoofing,Yi Indoor 2 Camera,official_victims_pdf
dns_spoofing,DNS_Spoofing,Spoofing,Yi Indoor Camera,official_victims_pdf
dns_spoofing,DNS_Spoofing,Spoofing,Yi Outdoor Camera,official_victims_pdf
dns_spoofing,DNS_Spoofing,Spoofing,Yutron Plug 1,official_victims_pdf
dns_spoofing,DNS_Spoofing,Spoofing,Yutron Plug 2,official_victims_pdf
mitm-arpspoofing,MITM-ArpSpoofing,Spoofing,Amazon Alexa Echo Dot 1,official_victims_pdf
mitm-arpspoofing,MITM-ArpSpoofing,Spoofing,Amazon Echo Show,official_victims_pdf
mitm-arpspoofing,MITM-ArpSpoofing,Spoofing,Amazon Alexa Echo Spot,official_victims_pdf
mitm-arpspoofing,MITM-ArpSpoofing,Spoofing,Amazon Alexa Echo Studio,official_victims_pdf
mitm-arpspoofing,MITM-ArpSpoofing,Spoofing,Amazon Plug,official_victims_pdf
mitm-arpspoofing,MITM-ArpSpoofing,Spoofing,Arlo Base Station,official_victims_pdf
mitm-arpspoofing,MITM-ArpSpoofing,Spoofing,Arlo Q Indoor Camera,official_victims_pdf
mitm-arpspoofing,MITM-ArpSpoofing,Spoofing,Atomi Coffee Maker,official_victims_pdf
mitm-arpspoofing,MITM-ArpSpoofing,Spoofing,Borun/Sichuan-AI Camera,official_victims_pdf
mitm-arpspoofing,MITM-ArpSpoofing,Spoofing,Cocoon Smart HVAC Fan,official_victims_pdf
mitm-arpspoofing,MITM-ArpSpoofing,Spoofing,DCS8000LHA1 D-Link Mini Camera,official_victims_pdf
mitm-arpspoofing,MITM-ArpSpoofing,Spoofing,Eufy HomeBase2,official_victims_pdf
mitm-arpspoofing,MITM-ArpSpoofing,Spoofing,Globe Lamp ESP_B1680C,official_victims_pdf
mitm-arpspoofing,MITM-ArpSpoofing,Spoofing,Nest Indoor Camera,official_victims_pdf
mitm-arpspoofing,MITM-ArpSpoofing,Spoofing,Google Nest Mini Speaker,official_victims_pdf
mitm-arpspoofing,MITM-ArpSpoofing,Spoofing,GoSund Bulb,official_victims_pdf
mitm-arpspoofing,MITM-ArpSpoofing,Spoofing,Gosund Power strip (1),official_victims_pdf
mitm-arpspoofing,MITM-ArpSpoofing,Spoofing,GoSund Power strip (2),official_victims_pdf
mitm-arpspoofing,MITM-ArpSpoofing,Spoofing,GoSund Smart plug WP2 (1),official_victims_pdf
mitm-arpspoofing,MITM-ArpSpoofing,Spoofing,GoSund Smart Plug WP2 (2),official_victims_pdf
mitm-arpspoofing,MITM-ArpSpoofing,Spoofing,GoSund Smart plug WP2 (3),official_victims_pdf
mitm-arpspoofing,MITM-ArpSpoofing,Spoofing,Gosund Smart Plug WP3 (2),official_victims_pdf
mitm-arpspoofing,MITM-ArpSpoofing,Spoofing,Govee Smart Humidifier,official_victims_pdf
mitm-arpspoofing,MITM-ArpSpoofing,Spoofing,harman kardon (Ampak Technology),official_victims_pdf
mitm-arpspoofing,MITM-ArpSpoofing,Spoofing,HeimVision SmartLife Radio/Lamp,official_victims_pdf
mitm-arpspoofing,MITM-ArpSpoofing,Spoofing,Home Eye Camera,official_victims_pdf
mitm-arpspoofing,MITM-ArpSpoofing,Spoofing,iRobot Roomba,official_victims_pdf
mitm-arpspoofing,MITM-ArpSpoofing,Spoofing,LampUX RGB,official_victims_pdf
mitm-arpspoofing,MITM-ArpSpoofing,Spoofing,Levoit Air Purifier,official_victims_pdf
mitm-arpspoofing,MITM-ArpSpoofing,Spoofing,LG Smart TV,official_victims_pdf
mitm-arpspoofing,MITM-ArpSpoofing,Spoofing,LIFX Lightbulb,official_victims_pdf
mitm-arpspoofing,MITM-ArpSpoofing,Spoofing,Lumiman bulb,official_victims_pdf
mitm-arpspoofing,MITM-ArpSpoofing,Spoofing,Luohe Cam Dog,official_victims_pdf
mitm-arpspoofing,MITM-ArpSpoofing,Spoofing,Netatmo Weather Station,official_victims_pdf
mitm-arpspoofing,MITM-ArpSpoofing,Spoofing,Philips Hue Bridge,official_victims_pdf
mitm-arpspoofing,MITM-ArpSpoofing,Spoofing,Rbcior Camera,official_victims_pdf
mitm-arpspoofing,MITM-ArpSpoofing,Spoofing,Ring Base Station,official_victims_pdf
mitm-arpspoofing,MITM-ArpSpoofing,Spoofing,SIMCAM 1S (AMPAKTec),official_victims_pdf
mitm-arpspoofing,MITM-ArpSpoofing,Spoofing,Smart Board,official_victims_pdf
mitm-arpspoofing,MITM-ArpSpoofing,Spoofing,SmartThings Hub,official_victims_pdf
mitm-arpspoofing,MITM-ArpSpoofing,Spoofing,TP-Link Tapo Camera,official_victims_pdf
mitm-arpspoofing,MITM-ArpSpoofing,Spoofing,Teckin Light Strip,official_victims_pdf
mitm-arpspoofing,MITM-ArpSpoofing,Spoofing,Teckin Plug 1,official_victims_pdf
mitm-arpspoofing,MITM-ArpSpoofing,Spoofing,Teckin Plug 2,official_victims_pdf
mitm-arpspoofing,MITM-ArpSpoofing,Spoofing,Wyze Camera,official_victims_pdf
mitm-arpspoofing,MITM-ArpSpoofing,Spoofing,Yi Indoor Camera,official_victims_pdf
mitm-arpspoofing,MITM-ArpSpoofing,Spoofing,Yi Outdoor Camera,official_victims_pdf
mitm-arpspoofing,MITM-ArpSpoofing,Spoofing,Yutron Plug 1,official_victims_pdf
mitm-arpspoofing,MITM-ArpSpoofing,Spoofing,Yutron Plug 2,official_victims_pdf
recon-osscan,Recon-OSScan,Recon,AeotecHub,official_victims_pdf
recon-osscan,Recon-OSScan,Recon,Amazon Alexa Echo Dot 1,official_victims_pdf
recon-osscan,Recon-OSScan,Recon,Amazon Echo Show,official_victims_pdf
recon-osscan,Recon-OSScan,Recon,Amazon Alexa Echo Spot,official_victims_pdf
recon-osscan,Recon-OSScan,Recon,Amazon Alexa Echo Studio,official_victims_pdf
recon-osscan,Recon-OSScan,Recon,Amazon Plug,official_victims_pdf
recon-osscan,Recon-OSScan,Recon,AMCREST WiFi Camera,official_victims_pdf
recon-osscan,Recon-OSScan,Recon,Arlo Base Station,official_victims_pdf
recon-osscan,Recon-OSScan,Recon,Arlo Q Indoor Camera,official_victims_pdf
recon-osscan,Recon-OSScan,Recon,Atomi Coffee Maker,official_victims_pdf
recon-osscan,Recon-OSScan,Recon,Borun/Sichuan-AI Camera,official_victims_pdf
recon-osscan,Recon-OSScan,Recon,Cocoon Smart HVAC Fan,official_victims_pdf
recon-osscan,Recon-OSScan,Recon,DCS8000LHA1 D-Link Mini Camera,official_victims_pdf
recon-osscan,Recon-OSScan,Recon,Eufy HomeBase2,official_victims_pdf
recon-osscan,Recon-OSScan,Recon,Fibaro Home Center Lite,official_victims_pdf
recon-osscan,Recon-OSScan,Recon,Globe Lamp ESP_B1680C,official_victims_pdf
recon-osscan,Recon-OSScan,Recon,Nest Indoor Camera,official_victims_pdf
recon-osscan,Recon-OSScan,Recon,Google Nest Mini Speaker,official_victims_pdf
recon-osscan,Recon-OSScan,Recon,GoSund Bulb,official_victims_pdf
recon-osscan,Recon-OSScan,Recon,Gosund Power strip (1),official_victims_pdf
recon-osscan,Recon-OSScan,Recon,GoSund Power strip (2),official_victims_pdf
recon-osscan,Recon-OSScan,Recon,GoSund Smart plug WP2 (1),official_victims_pdf
recon-osscan,Recon-OSScan,Recon,GoSund Smart Plug WP2 (2),official_victims_pdf
recon-osscan,Recon-OSScan,Recon,GoSund Smart plug WP2 (3),official_victims_pdf
recon-osscan,Recon-OSScan,Recon,GoSund Smart Plug WP3 (1),official_victims_pdf
recon-osscan,Recon-OSScan,Recon,Gosund Smart Plug WP3 (2),official_victims_pdf
recon-osscan,Recon-OSScan,Recon,Govee Smart Humidifer,official_victims_pdf
recon-osscan,Recon-OSScan,Recon,HeimVision Smart WiFi Camera,official_victims_pdf
recon-osscan,Recon-OSScan,Recon,harman kardon (Ampak Technology),official_victims_pdf
recon-osscan,Recon-OSScan,Recon,HeimVision SmartLife Radio/Lamp,official_victims_pdf
recon-osscan,Recon-OSScan,Recon,Home Eye Camera,official_victims_pdf
recon-osscan,Recon-OSScan,Recon,iRobot Roomba,official_victims_pdf
recon-osscan,Recon-OSScan,Recon,LampUX RGB,official_victims_pdf
recon-osscan,Recon-OSScan,Recon,Levoit Air Purifier,official_victims_pdf
recon-osscan,Recon-OSScan,Recon,LG Smart TV,official_victims_pdf
recon-osscan,Recon-OSScan,Recon,LIFX Lightbulb,official_victims_pdf
recon-osscan,Recon-OSScan,Recon,Lumiman bulb,official_victims_pdf
recon-osscan,Recon-OSScan,Recon,Netatmo Camera,official_victims_pdf
recon-osscan,Recon-OSScan,Recon,Netatmo Weather Station,official_victims_pdf
recon-osscan,Recon-OSScan,Recon,Philips Hue Bridge,official_victims_pdf
recon-osscan,Recon-OSScan,Recon,RaspberryPi (DC:A6:32:C9:E6:F4),official_victims_pdf
recon-osscan,Recon-OSScan,Recon,RaspberryPi (DC:A6:32:C9:E4:C6),official_victims_pdf
recon-osscan,Recon-OSScan,Recon,RaspberryPi (DC:A6:32:C9:E5:02),official_victims_pdf
recon-osscan,Recon-OSScan,Recon,Rbcior Camera,official_victims_pdf
recon-osscan,Recon-OSScan,Recon,Ring Base Station,official_victims_pdf
recon-osscan,Recon-OSScan,Recon,SmartThings Hub,official_victims_pdf
recon-osscan,Recon-OSScan,Recon,Sonos One Speaker,official_victims_pdf
recon-osscan,Recon-OSScan,Recon,TP-Link Tapo Camera,official_victims_pdf
recon-osscan,Recon-OSScan,Recon,Teckin Light Strip,official_victims_pdf
recon-osscan,Recon-OSScan,Recon,Teckin Plug 1,official_victims_pdf
recon-osscan,Recon-OSScan,Recon,Teckin Plug 2,official_victims_pdf
recon-osscan,Recon-OSScan,Recon,Wemo smart plug 1 (Wemo id: Wemo.Mini.AD3),official_victims_pdf
recon-osscan,Recon-OSScan,Recon,Wemo smart plug 2 (Wemo id: Wemo.Mini.4A3),official_victims_pdf
recon-osscan,Recon-OSScan,Recon,Wyze Camera,official_victims_pdf
recon-osscan,Recon-OSScan,Recon,Yi Indoor 2 Camera,official_victims_pdf
recon-osscan,Recon-OSScan,Recon,Yi Indoor Camera,official_victims_pdf
recon-osscan,Recon-OSScan,Recon,Yi Outdoor Camera,official_victims_pdf
recon-osscan,Recon-OSScan,Recon,Yutron Plug 1,official_victims_pdf
recon-osscan,Recon-OSScan,Recon,Yutron Plug 2,official_victims_pdf
recon-portscan,Recon-PortScan,Recon,AeoTec Smart Home Hub,official_victims_pdf
recon-portscan,Recon-PortScan,Recon,Amazon Alexa Echo Dot 1,official_victims_pdf
recon-portscan,Recon-PortScan,Recon,Amazon Alexa Echo Dot 2,official_victims_pdf
recon-portscan,Recon-PortScan,Recon,Amazon Echo Show,official_victims_pdf
recon-portscan,Recon-PortScan,Recon,Amazon Alexa Echo Spot,official_victims_pdf
recon-portscan,Recon-PortScan,Recon,Amazon Alexa Echo Studio,official_victims_pdf
recon-portscan,Recon-PortScan,Recon,Amazon Plug,official_victims_pdf
recon-portscan,Recon-PortScan,Recon,AMCREST WiFi Camera,official_victims_pdf
recon-portscan,Recon-PortScan,Recon,Arlo Base Station,official_victims_pdf
recon-portscan,Recon-PortScan,Recon,Arlo Q Indoor Camera,official_victims_pdf
recon-portscan,Recon-PortScan,Recon,Atomi Coffee Maker,official_victims_pdf
recon-portscan,Recon-PortScan,Recon,Borun/Sichuan-AI Camera,official_victims_pdf
recon-portscan,Recon-PortScan,Recon,Cocoon Smart HVAC Fan,official_victims_pdf
recon-portscan,Recon-PortScan,Recon,DCS8000LHA1 D-Link Mini Camera,official_victims_pdf
recon-portscan,Recon-PortScan,Recon,Eufy HomeBase2,official_victims_pdf
recon-portscan,Recon-PortScan,Recon,Fibaro Home Center Lite,official_victims_pdf
recon-portscan,Recon-PortScan,Recon,Globe Lamp ESP_B1680C,official_victims_pdf
recon-portscan,Recon-PortScan,Recon,Nest Indoor Camera,official_victims_pdf
recon-portscan,Recon-PortScan,Recon,Google Nest Mini Speaker,official_victims_pdf
recon-portscan,Recon-PortScan,Recon,GoSund Bulb,official_victims_pdf
recon-portscan,Recon-PortScan,Recon,Gosund Power strip (1),official_victims_pdf
recon-portscan,Recon-PortScan,Recon,GoSund Power strip (2),official_victims_pdf
recon-portscan,Recon-PortScan,Recon,GoSund Smart plug WP2 (1),official_victims_pdf
recon-portscan,Recon-PortScan,Recon,GoSund Smart Plug WP2 (2),official_victims_pdf
recon-portscan,Recon-PortScan,Recon,GoSund Smart plug WP2 (3),official_victims_pdf
recon-portscan,Recon-PortScan,Recon,GoSund Smart Plug WP3 (1),official_victims_pdf
recon-portscan,Recon-PortScan,Recon,Gosund Smart Plug WP3 (2),official_victims_pdf
recon-portscan,Recon-PortScan,Recon,Govee Smart Humidifer,official_victims_pdf
recon-portscan,Recon-PortScan,Recon,harman kardon (Ampak Technology),official_victims_pdf
recon-portscan,Recon-PortScan,Recon,HeimVision Smart WiFi Camera,official_victims_pdf
recon-portscan,Recon-PortScan,Recon,HeimVision SmartLife Radio/Lamp,official_victims_pdf
recon-portscan,Recon-PortScan,Recon,Home Eye Camera,official_victims_pdf
recon-portscan,Recon-PortScan,Recon,iRobot Roomba,official_victims_pdf
recon-portscan,Recon-PortScan,Recon,LampUX RGB,official_victims_pdf
recon-portscan,Recon-PortScan,Recon,Levoit Air Purifier,official_victims_pdf
recon-portscan,Recon-PortScan,Recon,LG Smart TV,official_victims_pdf
recon-portscan,Recon-PortScan,Recon,LIFX Lightbulb,official_victims_pdf
recon-portscan,Recon-PortScan,Recon,Lumiman bulb,official_victims_pdf
recon-portscan,Recon-PortScan,Recon,Netatmo Camera,official_victims_pdf
recon-portscan,Recon-PortScan,Recon,Netatmo Weather Station,official_victims_pdf
recon-portscan,Recon-PortScan,Recon,Philips Hue Bridge,official_victims_pdf
recon-portscan,Recon-PortScan,Recon,Rbcior Camera,official_victims_pdf
recon-portscan,Recon-PortScan,Recon,Ring Base Station,official_victims_pdf
recon-portscan,Recon-PortScan,Recon,Smart Board,official_victims_pdf
recon-portscan,Recon-PortScan,Recon,SmartThings Hub,official_victims_pdf
recon-portscan,Recon-PortScan,Recon,Sonos One Speaker,official_victims_pdf
recon-portscan,Recon-PortScan,Recon,TP-Link Tapo Camera,official_victims_pdf
recon-portscan,Recon-PortScan,Recon,Teckin Light Strip,official_victims_pdf
recon-portscan,Recon-PortScan,Recon,Teckin Plug 1,official_victims_pdf
recon-portscan,Recon-PortScan,Recon,Teckin Plug 2,official_victims_pdf
recon-portscan,Recon-PortScan,Recon,Wemo smart plug 1 (Wemo id: Wemo.Mini.AD3),official_victims_pdf
recon-portscan,Recon-PortScan,Recon,Wemo smart plug 2 (Wemo id: Wemo.Mini.4A3),official_victims_pdf
recon-portscan,Recon-PortScan,Recon,Wyze Camera,official_victims_pdf
recon-portscan,Recon-PortScan,Recon,Yi Indoor 2 Camera,official_victims_pdf
recon-portscan,Recon-PortScan,Recon,Yi Indoor Camera,official_victims_pdf
recon-portscan,Recon-PortScan,Recon,Yi Outdoor Camera,official_victims_pdf
recon-portscan,Recon-PortScan,Recon,Yutron Plug 1,official_victims_pdf
recon-portscan,Recon-PortScan,Recon,Yutron Plug 2,official_victims_pdf
dictionarybruteforce,DictionaryBruteForce,BruteForce,HeimVision Smart WiFi Camera,official_victims_pdf
dictionarybruteforce,DictionaryBruteForce,BruteForce,Luohe Cam Dog,official_victims_pdf
dictionarybruteforce,DictionaryBruteForce,BruteForce,RaspberryPi (DC:A6:32:C9:E6:F4),official_victims_pdf
dictionarybruteforce,DictionaryBruteForce,BruteForce,RaspberryPi (DC:A6:32:C9:E4:C6),official_victims_pdf
dictionarybruteforce,DictionaryBruteForce,BruteForce,RaspberryPi (DC:A6:32:C9:E5:02),official_victims_pdf
