question_id,gqm_ref,framework,standard_id,question_type,metric_id,evidence_kind,question_text,status
GQM-ISO-001-EVID-01,GQM-ISO-001,ISO27001:2022,A.5.1,evidence_first,,PolicyProcedureEvidence,"What traceable evidence demonstrates that the outcome/control 'A.5.1 - Policies for Information Security' is implemented or satisfied within the declared scope, and what provenance supports that evidence?",R1_FINAL_POST_ADJUDICATION_MAPPING
GQM-ISO-010-EVID-01,GQM-ISO-010,ISO27001:2022,A.5.10,evidence_first,,PolicyProcedureEvidence,"What traceable evidence demonstrates that the outcome/control 'A.5.10 - Acceptable Use of Information and Other Associated Assets' is implemented or satisfied within the declared scope, and what provenance supports that evidence?",R1_FINAL_POST_ADJUDICATION_MAPPING
GQM-ISO-011-EVID-01,GQM-ISO-011,ISO27001:2022,A.5.11,evidence_first,,AssetInventoryEvidence,"What traceable evidence demonstrates that the outcome/control 'A.5.11 - Return of Assets' is implemented or satisfied within the declared scope, and what provenance supports that evidence?",R1_FINAL_POST_ADJUDICATION_MAPPING
GQM-ISO-012-EVID-01,GQM-ISO-012,ISO27001:2022,A.5.12,evidence_first,,PrivacyDataProtectionEvidence,"What traceable evidence demonstrates that the outcome/control 'A.5.12 - Classification of Information' is implemented or satisfied within the declared scope, and what provenance supports that evidence?",R1_FINAL_POST_ADJUDICATION_MAPPING
GQM-ISO-013-EVID-01,GQM-ISO-013,ISO27001:2022,A.5.13,evidence_first,,PrivacyDataProtectionEvidence,"What traceable evidence demonstrates that the outcome/control 'A.5.13 - Labelling of Information' is implemented or satisfied within the declared scope, and what provenance supports that evidence?",R1_FINAL_POST_ADJUDICATION_MAPPING
GQM-ISO-014-EVID-01,GQM-ISO-014,ISO27001:2022,A.5.14,evidence_first,,PrivacyDataProtectionEvidence,"What traceable evidence demonstrates that the outcome/control 'A.5.14 - Information Transfer' is implemented or satisfied within the declared scope, and what provenance supports that evidence?",R1_FINAL_POST_ADJUDICATION_MAPPING
GQM-ISO-015-EVID-01,GQM-ISO-015,ISO27001:2022,A.5.15,evidence_first,,IdentityAccessEvidence,"What traceable evidence demonstrates that the outcome/control 'A.5.15 - Access Control' is implemented or satisfied within the declared scope, and what provenance supports that evidence?",R1_FINAL_POST_ADJUDICATION_MAPPING
GQM-ISO-016-EVID-01,GQM-ISO-016,ISO27001:2022,A.5.16,evidence_first,,IdentityAccessEvidence,"What traceable evidence demonstrates that the outcome/control 'A.5.16 - Identity Management' is implemented or satisfied within the declared scope, and what provenance supports that evidence?",R1_FINAL_POST_ADJUDICATION_MAPPING
GQM-ISO-017-EVID-01,GQM-ISO-017,ISO27001:2022,A.5.17,evidence_first,,IdentityAccessEvidence,"What traceable evidence demonstrates that the outcome/control 'A.5.17 - Authentication Information' is implemented or satisfied within the declared scope, and what provenance supports that evidence?",R1_FINAL_POST_ADJUDICATION_MAPPING
GQM-ISO-018-EVID-01,GQM-ISO-018,ISO27001:2022,A.5.18,evidence_first,,IdentityAccessEvidence,"What traceable evidence demonstrates that the outcome/control 'A.5.18 - Access Rights' is implemented or satisfied within the declared scope, and what provenance supports that evidence?",R1_FINAL_POST_ADJUDICATION_MAPPING
GQM-ISO-019-EVID-01,GQM-ISO-019,ISO27001:2022,A.5.19,evidence_first,,SupplierThirdPartyEvidence,"What traceable evidence demonstrates that the outcome/control 'A.5.19 - Information Security in Supplier Relationships' is implemented or satisfied within the declared scope, and what provenance supports that evidence?",R1_FINAL_POST_ADJUDICATION_MAPPING
GQM-ISO-002-EVID-01,GQM-ISO-002,ISO27001:2022,A.5.2,evidence_first,,GovernanceDecisionEvidence,"What traceable evidence demonstrates that the outcome/control 'A.5.2 - Information Security Roles and Responsibilities' is implemented or satisfied within the declared scope, and what provenance supports that evidence?",R1_FINAL_POST_ADJUDICATION_MAPPING
GQM-ISO-020-EVID-01,GQM-ISO-020,ISO27001:2022,A.5.20,evidence_first,,SupplierThirdPartyEvidence,"What traceable evidence demonstrates that the outcome/control 'A.5.20 - Addressing Information Security Within Supplier Agreements' is implemented or satisfied within the declared scope, and what provenance supports that evidence?",R1_FINAL_POST_ADJUDICATION_MAPPING
GQM-ISO-021-EVID-01,GQM-ISO-021,ISO27001:2022,A.5.21,evidence_first,,SupplierThirdPartyEvidence,"What traceable evidence demonstrates that the outcome/control 'A.5.21 - Managing Information Security in the ICT Supply Chain' is implemented or satisfied within the declared scope, and what provenance supports that evidence?",R1_FINAL_POST_ADJUDICATION_MAPPING
GQM-ISO-022-EVID-01,GQM-ISO-022,ISO27001:2022,A.5.22,evidence_first,,SupplierThirdPartyEvidence,"What traceable evidence demonstrates that the outcome/control 'A.5.22 - Monitoring, Review and Change Management of Supplier Services' is implemented or satisfied within the declared scope, and what provenance supports that evidence?",R1_FINAL_POST_ADJUDICATION_MAPPING
GQM-ISO-023-EVID-01,GQM-ISO-023,ISO27001:2022,A.5.23,evidence_first,,SupplierThirdPartyEvidence,"What traceable evidence demonstrates that the outcome/control 'A.5.23 - Information Security for Use of Cloud Services' is implemented or satisfied within the declared scope, and what provenance supports that evidence?",R1_FINAL_POST_ADJUDICATION_MAPPING
GQM-ISO-024-EVID-01,GQM-ISO-024,ISO27001:2022,A.5.24,evidence_first,,IncidentResponseEvidence,"What traceable evidence demonstrates that the outcome/control 'A.5.24 - Information Security Incident Management Planning and Preparation' is implemented or satisfied within the declared scope, and what provenance supports that evidence?",R1_FINAL_POST_ADJUDICATION_MAPPING
GQM-ISO-025-EVID-01,GQM-ISO-025,ISO27001:2022,A.5.25,evidence_first,,IncidentResponseEvidence,"What traceable evidence demonstrates that the outcome/control 'A.5.25 - Assessment and Decision on Information Security Events' is implemented or satisfied within the declared scope, and what provenance supports that evidence?",R1_FINAL_POST_ADJUDICATION_MAPPING
GQM-ISO-026-EVID-01,GQM-ISO-026,ISO27001:2022,A.5.26,evidence_first,,IncidentResponseEvidence,"What traceable evidence demonstrates that the outcome/control 'A.5.26 - Response to Information Security Incidents' is implemented or satisfied within the declared scope, and what provenance supports that evidence?",R1_FINAL_POST_ADJUDICATION_MAPPING
GQM-ISO-027-EVID-01,GQM-ISO-027,ISO27001:2022,A.5.27,evidence_first,,IncidentResponseEvidence,"What traceable evidence demonstrates that the outcome/control 'A.5.27 - Learning From Information Security Incidents' is implemented or satisfied within the declared scope, and what provenance supports that evidence?",R1_FINAL_POST_ADJUDICATION_MAPPING
GQM-ISO-028-EVID-01,GQM-ISO-028,ISO27001:2022,A.5.28,evidence_first,,IncidentResponseEvidence,"What traceable evidence demonstrates that the outcome/control 'A.5.28 - Collection of Evidence' is implemented or satisfied within the declared scope, and what provenance supports that evidence?",R1_FINAL_POST_ADJUDICATION_MAPPING
GQM-ISO-029-EVID-01,GQM-ISO-029,ISO27001:2022,A.5.29,evidence_first,,ContinuityResilienceEvidence,"What traceable evidence demonstrates that the outcome/control 'A.5.29 - Information Security During Disruption' is implemented or satisfied within the declared scope, and what provenance supports that evidence?",R1_FINAL_POST_ADJUDICATION_MAPPING
GQM-ISO-003-EVID-01,GQM-ISO-003,ISO27001:2022,A.5.3,evidence_first,,IdentityAccessEvidence,"What traceable evidence demonstrates that the outcome/control 'A.5.3 - Segregation of Duties' is implemented or satisfied within the declared scope, and what provenance supports that evidence?",R1_FINAL_POST_ADJUDICATION_MAPPING
GQM-ISO-030-EVID-01,GQM-ISO-030,ISO27001:2022,A.5.30,evidence_first,,ContinuityResilienceEvidence,"What traceable evidence demonstrates that the outcome/control 'A.5.30 - ICT Readiness for Business Continuity' is implemented or satisfied within the declared scope, and what provenance supports that evidence?",R1_FINAL_POST_ADJUDICATION_MAPPING
GQM-ISO-031-EVID-01,GQM-ISO-031,ISO27001:2022,A.5.31,evidence_first,,ComplianceAuditEvidence,"What traceable evidence demonstrates that the outcome/control 'A.5.31 - Legal, Statutory, Regulatory and Contractual Requirements' is implemented or satisfied within the declared scope, and what provenance supports that evidence?",R1_FINAL_POST_ADJUDICATION_MAPPING
GQM-ISO-032-EVID-01,GQM-ISO-032,ISO27001:2022,A.5.32,evidence_first,,ComplianceAuditEvidence,"What traceable evidence demonstrates that the outcome/control 'A.5.32 - Intellectual Property Rights' is implemented or satisfied within the declared scope, and what provenance supports that evidence?",R1_FINAL_POST_ADJUDICATION_MAPPING
GQM-ISO-033-EVID-01,GQM-ISO-033,ISO27001:2022,A.5.33,evidence_first,,PrivacyDataProtectionEvidence,"What traceable evidence demonstrates that the outcome/control 'A.5.33 - Protection of Records' is implemented or satisfied within the declared scope, and what provenance supports that evidence?",R1_FINAL_POST_ADJUDICATION_MAPPING
GQM-ISO-034-EVID-01,GQM-ISO-034,ISO27001:2022,A.5.34,evidence_first,,PrivacyDataProtectionEvidence,"What traceable evidence demonstrates that the outcome/control 'A.5.34 - Privacy and Protection of PII' is implemented or satisfied within the declared scope, and what provenance supports that evidence?",R1_FINAL_POST_ADJUDICATION_MAPPING
GQM-ISO-035-EVID-01,GQM-ISO-035,ISO27001:2022,A.5.35,evidence_first,,ComplianceAuditEvidence,"What traceable evidence demonstrates that the outcome/control 'A.5.35 - Independent Review of Information Security' is implemented or satisfied within the declared scope, and what provenance supports that evidence?",R1_FINAL_POST_ADJUDICATION_MAPPING
GQM-ISO-036-EVID-01,GQM-ISO-036,ISO27001:2022,A.5.36,evidence_first,,ComplianceAuditEvidence,"What traceable evidence demonstrates that the outcome/control 'A.5.36 - Compliance With Policies, Rules and Standards for Information Security' is implemented or satisfied within the declared scope, and what provenance supports that evidence?",R1_FINAL_POST_ADJUDICATION_MAPPING
GQM-ISO-037-EVID-01,GQM-ISO-037,ISO27001:2022,A.5.37,evidence_first,,PolicyProcedureEvidence,"What traceable evidence demonstrates that the outcome/control 'A.5.37 - Documented Operating Procedures' is implemented or satisfied within the declared scope, and what provenance supports that evidence?",R1_FINAL_POST_ADJUDICATION_MAPPING
GQM-ISO-004-EVID-01,GQM-ISO-004,ISO27001:2022,A.5.4,evidence_first,,GovernanceDecisionEvidence,"What traceable evidence demonstrates that the outcome/control 'A.5.4 - Management Responsibilities' is implemented or satisfied within the declared scope, and what provenance supports that evidence?",R1_FINAL_POST_ADJUDICATION_MAPPING
GQM-ISO-005-EVID-01,GQM-ISO-005,ISO27001:2022,A.5.5,evidence_first,,GovernanceDecisionEvidence,"What traceable evidence demonstrates that the outcome/control 'A.5.5 - Contact With Authorities' is implemented or satisfied within the declared scope, and what provenance supports that evidence?",R1_FINAL_POST_ADJUDICATION_MAPPING
GQM-ISO-006-EVID-01,GQM-ISO-006,ISO27001:2022,A.5.6,evidence_first,,GovernanceDecisionEvidence,"What traceable evidence demonstrates that the outcome/control 'A.5.6 - Contact With Special Interest Groups' is implemented or satisfied within the declared scope, and what provenance supports that evidence?",R1_FINAL_POST_ADJUDICATION_MAPPING
GQM-ISO-007-EVID-01,GQM-ISO-007,ISO27001:2022,A.5.7,evidence_first,,RiskAssessmentEvidence,"What traceable evidence demonstrates that the outcome/control 'A.5.7 - Threat Intelligence' is implemented or satisfied within the declared scope, and what provenance supports that evidence?",R1_FINAL_POST_ADJUDICATION_MAPPING
GQM-ISO-007-MET-01,GQM-ISO-007,ISO27001:2022,A.5.7,metric_specific,EP_EXPLOIT,RiskAssessmentEvidence,"For vulnerabilities or threats directly relevant to A.5.7 - Threat Intelligence, what CVSS-based exploitability evidence is available, and what provenance supports the score?",R1_FINAL_POST_ADJUDICATION_MAPPING
GQM-ISO-008-EVID-01,GQM-ISO-008,ISO27001:2022,A.5.8,evidence_first,,GovernanceDecisionEvidence,"What traceable evidence demonstrates that the outcome/control 'A.5.8 - Information Security in Project Management' is implemented or satisfied within the declared scope, and what provenance supports that evidence?",R1_FINAL_POST_ADJUDICATION_MAPPING
GQM-ISO-009-EVID-01,GQM-ISO-009,ISO27001:2022,A.5.9,evidence_first,,AssetInventoryEvidence,"What traceable evidence demonstrates that the outcome/control 'A.5.9 - Inventory of Information and Other Associated Assets' is implemented or satisfied within the declared scope, and what provenance supports that evidence?",R1_FINAL_POST_ADJUDICATION_MAPPING
GQM-ISO-038-EVID-01,GQM-ISO-038,ISO27001:2022,A.6.1,evidence_first,,PersonnelSecurityEvidence,"What traceable evidence demonstrates that the outcome/control 'A.6.1 - Screening' is implemented or satisfied within the declared scope, and what provenance supports that evidence?",R1_FINAL_POST_ADJUDICATION_MAPPING
GQM-ISO-039-EVID-01,GQM-ISO-039,ISO27001:2022,A.6.2,evidence_first,,PersonnelSecurityEvidence,"What traceable evidence demonstrates that the outcome/control 'A.6.2 - Terms and Conditions of Employment' is implemented or satisfied within the declared scope, and what provenance supports that evidence?",R1_FINAL_POST_ADJUDICATION_MAPPING
GQM-ISO-040-EVID-01,GQM-ISO-040,ISO27001:2022,A.6.3,evidence_first,,TrainingAwarenessEvidence,"What traceable evidence demonstrates that the outcome/control 'A.6.3 - Information Security Awareness, Education and Training' is implemented or satisfied within the declared scope, and what provenance supports that evidence?",R1_FINAL_POST_ADJUDICATION_MAPPING
GQM-ISO-040-MET-01,GQM-ISO-040,ISO27001:2022,A.6.3,metric_specific,HF_AWARENESS,TrainingAwarenessEvidence,"For personnel or process behaviour directly relevant to A.6.3 - Information Security Awareness, Education and Training, what observed awareness or security-culture evidence is available, and what provenance supports the observation?",R1_FINAL_POST_ADJUDICATION_MAPPING
GQM-ISO-041-EVID-01,GQM-ISO-041,ISO27001:2022,A.6.4,evidence_first,,PersonnelSecurityEvidence,"What traceable evidence demonstrates that the outcome/control 'A.6.4 - Disciplinary Process' is implemented or satisfied within the declared scope, and what provenance supports that evidence?",R1_FINAL_POST_ADJUDICATION_MAPPING
GQM-ISO-042-EVID-01,GQM-ISO-042,ISO27001:2022,A.6.5,evidence_first,,PersonnelSecurityEvidence,"What traceable evidence demonstrates that the outcome/control 'A.6.5 - Responsibilities After Termination or Change of Employment' is implemented or satisfied within the declared scope, and what provenance supports that evidence?",R1_FINAL_POST_ADJUDICATION_MAPPING
GQM-ISO-043-EVID-01,GQM-ISO-043,ISO27001:2022,A.6.6,evidence_first,,PersonnelSecurityEvidence,"What traceable evidence demonstrates that the outcome/control 'A.6.6 - Confidentiality or Non-Disclosure Agreements' is implemented or satisfied within the declared scope, and what provenance supports that evidence?",R1_FINAL_POST_ADJUDICATION_MAPPING
GQM-ISO-044-EVID-01,GQM-ISO-044,ISO27001:2022,A.6.7,evidence_first,,PersonnelSecurityEvidence,"What traceable evidence demonstrates that the outcome/control 'A.6.7 - Remote Working' is implemented or satisfied within the declared scope, and what provenance supports that evidence?",R1_FINAL_POST_ADJUDICATION_MAPPING
GQM-ISO-045-EVID-01,GQM-ISO-045,ISO27001:2022,A.6.8,evidence_first,,IncidentResponseEvidence,"What traceable evidence demonstrates that the outcome/control 'A.6.8 - Information Security Event Reporting' is implemented or satisfied within the declared scope, and what provenance supports that evidence?",R1_FINAL_POST_ADJUDICATION_MAPPING
GQM-ISO-046-EVID-01,GQM-ISO-046,ISO27001:2022,A.7.1,evidence_first,,PhysicalSecurityEvidence,"What traceable evidence demonstrates that the outcome/control 'A.7.1 - Physical Security Perimeters' is implemented or satisfied within the declared scope, and what provenance supports that evidence?",R1_FINAL_POST_ADJUDICATION_MAPPING
GQM-ISO-055-EVID-01,GQM-ISO-055,ISO27001:2022,A.7.10,evidence_first,,PrivacyDataProtectionEvidence,"What traceable evidence demonstrates that the outcome/control 'A.7.10 - Storage Media' is implemented or satisfied within the declared scope, and what provenance supports that evidence?",R1_FINAL_POST_ADJUDICATION_MAPPING
GQM-ISO-056-EVID-01,GQM-ISO-056,ISO27001:2022,A.7.11,evidence_first,,ContinuityResilienceEvidence,"What traceable evidence demonstrates that the outcome/control 'A.7.11 - Supporting Utilities' is implemented or satisfied within the declared scope, and what provenance supports that evidence?",R1_FINAL_POST_ADJUDICATION_MAPPING
GQM-ISO-057-EVID-01,GQM-ISO-057,ISO27001:2022,A.7.12,evidence_first,,PhysicalSecurityEvidence,"What traceable evidence demonstrates that the outcome/control 'A.7.12 - Cabling Security' is implemented or satisfied within the declared scope, and what provenance supports that evidence?",R1_FINAL_POST_ADJUDICATION_MAPPING
GQM-ISO-058-EVID-01,GQM-ISO-058,ISO27001:2022,A.7.13,evidence_first,,PhysicalSecurityEvidence,"What traceable evidence demonstrates that the outcome/control 'A.7.13 - Equipment Maintenance' is implemented or satisfied within the declared scope, and what provenance supports that evidence?",R1_FINAL_POST_ADJUDICATION_MAPPING
GQM-ISO-059-EVID-01,GQM-ISO-059,ISO27001:2022,A.7.14,evidence_first,,AssetInventoryEvidence,"What traceable evidence demonstrates that the outcome/control 'A.7.14 - Secure Disposal or Re-Use of Equipment' is implemented or satisfied within the declared scope, and what provenance supports that evidence?",R1_FINAL_POST_ADJUDICATION_MAPPING
GQM-ISO-047-EVID-01,GQM-ISO-047,ISO27001:2022,A.7.2,evidence_first,,PhysicalSecurityEvidence,"What traceable evidence demonstrates that the outcome/control 'A.7.2 - Physical Entry' is implemented or satisfied within the declared scope, and what provenance supports that evidence?",R1_FINAL_POST_ADJUDICATION_MAPPING
GQM-ISO-048-EVID-01,GQM-ISO-048,ISO27001:2022,A.7.3,evidence_first,,PhysicalSecurityEvidence,"What traceable evidence demonstrates that the outcome/control 'A.7.3 - Securing Offices, Rooms and Facilities' is implemented or satisfied within the declared scope, and what provenance supports that evidence?",R1_FINAL_POST_ADJUDICATION_MAPPING
GQM-ISO-049-EVID-01,GQM-ISO-049,ISO27001:2022,A.7.4,evidence_first,,PhysicalSecurityEvidence,"What traceable evidence demonstrates that the outcome/control 'A.7.4 - Physical Security Monitoring' is implemented or satisfied within the declared scope, and what provenance supports that evidence?",R1_FINAL_POST_ADJUDICATION_MAPPING
GQM-ISO-050-EVID-01,GQM-ISO-050,ISO27001:2022,A.7.5,evidence_first,,PhysicalSecurityEvidence,"What traceable evidence demonstrates that the outcome/control 'A.7.5 - Protecting Against Physical and Environmental Threats' is implemented or satisfied within the declared scope, and what provenance supports that evidence?",R1_FINAL_POST_ADJUDICATION_MAPPING
GQM-ISO-051-EVID-01,GQM-ISO-051,ISO27001:2022,A.7.6,evidence_first,,PhysicalSecurityEvidence,"What traceable evidence demonstrates that the outcome/control 'A.7.6 - Working In Secure Areas' is implemented or satisfied within the declared scope, and what provenance supports that evidence?",R1_FINAL_POST_ADJUDICATION_MAPPING
GQM-ISO-052-EVID-01,GQM-ISO-052,ISO27001:2022,A.7.7,evidence_first,,PhysicalSecurityEvidence,"What traceable evidence demonstrates that the outcome/control 'A.7.7 - Clear Desk and Clear Screen' is implemented or satisfied within the declared scope, and what provenance supports that evidence?",R1_FINAL_POST_ADJUDICATION_MAPPING
GQM-ISO-053-EVID-01,GQM-ISO-053,ISO27001:2022,A.7.8,evidence_first,,PhysicalSecurityEvidence,"What traceable evidence demonstrates that the outcome/control 'A.7.8 - Equipment Siting and Protection' is implemented or satisfied within the declared scope, and what provenance supports that evidence?",R1_FINAL_POST_ADJUDICATION_MAPPING
GQM-ISO-054-EVID-01,GQM-ISO-054,ISO27001:2022,A.7.9,evidence_first,,PhysicalSecurityEvidence,"What traceable evidence demonstrates that the outcome/control 'A.7.9 - Security of Assets Off-Premises' is implemented or satisfied within the declared scope, and what provenance supports that evidence?",R1_FINAL_POST_ADJUDICATION_MAPPING
GQM-ISO-060-EVID-01,GQM-ISO-060,ISO27001:2022,A.8.1,evidence_first,,PlatformConfigurationEvidence,"What traceable evidence demonstrates that the outcome/control 'A.8.1 - User Endpoint Devices' is implemented or satisfied within the declared scope, and what provenance supports that evidence?",R1_FINAL_POST_ADJUDICATION_MAPPING
GQM-ISO-069-EVID-01,GQM-ISO-069,ISO27001:2022,A.8.10,evidence_first,,PrivacyDataProtectionEvidence,"What traceable evidence demonstrates that the outcome/control 'A.8.10 - Information Deletion' is implemented or satisfied within the declared scope, and what provenance supports that evidence?",R1_FINAL_POST_ADJUDICATION_MAPPING
GQM-ISO-070-EVID-01,GQM-ISO-070,ISO27001:2022,A.8.11,evidence_first,,PrivacyDataProtectionEvidence,"What traceable evidence demonstrates that the outcome/control 'A.8.11 - Data Masking' is implemented or satisfied within the declared scope, and what provenance supports that evidence?",R1_FINAL_POST_ADJUDICATION_MAPPING
GQM-ISO-071-EVID-01,GQM-ISO-071,ISO27001:2022,A.8.12,evidence_first,,PrivacyDataProtectionEvidence,"What traceable evidence demonstrates that the outcome/control 'A.8.12 - Data Leakage Prevention' is implemented or satisfied within the declared scope, and what provenance supports that evidence?",R1_FINAL_POST_ADJUDICATION_MAPPING
GQM-ISO-072-EVID-01,GQM-ISO-072,ISO27001:2022,A.8.13,evidence_first,,ContinuityResilienceEvidence,"What traceable evidence demonstrates that the outcome/control 'A.8.13 - Information Backup' is implemented or satisfied within the declared scope, and what provenance supports that evidence?",R1_FINAL_POST_ADJUDICATION_MAPPING
GQM-ISO-073-EVID-01,GQM-ISO-073,ISO27001:2022,A.8.14,evidence_first,,ContinuityResilienceEvidence,"What traceable evidence demonstrates that the outcome/control 'A.8.14 - Redundancy of Information Processing Facilities' is implemented or satisfied within the declared scope, and what provenance supports that evidence?",R1_FINAL_POST_ADJUDICATION_MAPPING
GQM-ISO-074-EVID-01,GQM-ISO-074,ISO27001:2022,A.8.15,evidence_first,,MonitoringDetectionEvidence,"What traceable evidence demonstrates that the outcome/control 'A.8.15 - Logging' is implemented or satisfied within the declared scope, and what provenance supports that evidence?",R1_FINAL_POST_ADJUDICATION_MAPPING
GQM-ISO-074-MET-01,GQM-ISO-074,ISO27001:2022,A.8.15,metric_specific,EP_FREQ,MonitoringDetectionEvidence,"For monitored events directly relevant to A.8.15 - Logging, what event frequency is observed over the declared measurement window, and what provenance identifies the source and window?",R1_FINAL_POST_ADJUDICATION_MAPPING
GQM-ISO-075-EVID-01,GQM-ISO-075,ISO27001:2022,A.8.16,evidence_first,,MonitoringDetectionEvidence,"What traceable evidence demonstrates that the outcome/control 'A.8.16 - Monitoring Activities' is implemented or satisfied within the declared scope, and what provenance supports that evidence?",R1_FINAL_POST_ADJUDICATION_MAPPING
GQM-ISO-075-MET-01,GQM-ISO-075,ISO27001:2022,A.8.16,metric_specific,DR,MonitoringDetectionEvidence,"When a detector is explicitly used as evidence for A.8.16 - Monitoring Activities, what detection rate is observed at the declared operating point, and on which evaluation set?",R1_FINAL_POST_ADJUDICATION_MAPPING
GQM-ISO-075-MET-02,GQM-ISO-075,ISO27001:2022,A.8.16,metric_specific,EP_FREQ,MonitoringDetectionEvidence,"For monitored events directly relevant to A.8.16 - Monitoring Activities, what event frequency is observed over the declared measurement window, and what provenance identifies the source and window?",R1_FINAL_POST_ADJUDICATION_MAPPING
GQM-ISO-075-MET-03,GQM-ISO-075,ISO27001:2022,A.8.16,metric_specific,FPR,MonitoringDetectionEvidence,"When a detector is explicitly used as evidence for A.8.16 - Monitoring Activities, what false-positive rate is observed at the same operating point, including benign-sample counts?",R1_FINAL_POST_ADJUDICATION_MAPPING
GQM-ISO-076-EVID-01,GQM-ISO-076,ISO27001:2022,A.8.17,evidence_first,,PlatformConfigurationEvidence,"What traceable evidence demonstrates that the outcome/control 'A.8.17 - Clock Synchronization' is implemented or satisfied within the declared scope, and what provenance supports that evidence?",R1_FINAL_POST_ADJUDICATION_MAPPING
GQM-ISO-077-EVID-01,GQM-ISO-077,ISO27001:2022,A.8.18,evidence_first,,IdentityAccessEvidence,"What traceable evidence demonstrates that the outcome/control 'A.8.18 - Use of Privileged Utility Programs' is implemented or satisfied within the declared scope, and what provenance supports that evidence?",R1_FINAL_POST_ADJUDICATION_MAPPING
GQM-ISO-078-EVID-01,GQM-ISO-078,ISO27001:2022,A.8.19,evidence_first,,PlatformConfigurationEvidence,"What traceable evidence demonstrates that the outcome/control 'A.8.19 - Installation of Software on Operational Systems' is implemented or satisfied within the declared scope, and what provenance supports that evidence?",R1_FINAL_POST_ADJUDICATION_MAPPING
GQM-ISO-061-EVID-01,GQM-ISO-061,ISO27001:2022,A.8.2,evidence_first,,IdentityAccessEvidence,"What traceable evidence demonstrates that the outcome/control 'A.8.2 - Privileged Access Rights' is implemented or satisfied within the declared scope, and what provenance supports that evidence?",R1_FINAL_POST_ADJUDICATION_MAPPING
GQM-ISO-079-EVID-01,GQM-ISO-079,ISO27001:2022,A.8.20,evidence_first,,NetworkSecurityEvidence,"What traceable evidence demonstrates that the outcome/control 'A.8.20 - Network Security' is implemented or satisfied within the declared scope, and what provenance supports that evidence?",R1_FINAL_POST_ADJUDICATION_MAPPING
GQM-ISO-080-EVID-01,GQM-ISO-080,ISO27001:2022,A.8.21,evidence_first,,NetworkSecurityEvidence,"What traceable evidence demonstrates that the outcome/control 'A.8.21 - Security of Network Services' is implemented or satisfied within the declared scope, and what provenance supports that evidence?",R1_FINAL_POST_ADJUDICATION_MAPPING
GQM-ISO-081-EVID-01,GQM-ISO-081,ISO27001:2022,A.8.22,evidence_first,,NetworkSecurityEvidence,"What traceable evidence demonstrates that the outcome/control 'A.8.22 - Segregation of Networks' is implemented or satisfied within the declared scope, and what provenance supports that evidence?",R1_FINAL_POST_ADJUDICATION_MAPPING
GQM-ISO-082-EVID-01,GQM-ISO-082,ISO27001:2022,A.8.23,evidence_first,,NetworkSecurityEvidence,"What traceable evidence demonstrates that the outcome/control 'A.8.23 - Web Filtering' is implemented or satisfied within the declared scope, and what provenance supports that evidence?",R1_FINAL_POST_ADJUDICATION_MAPPING
GQM-ISO-083-EVID-01,GQM-ISO-083,ISO27001:2022,A.8.24,evidence_first,,PrivacyDataProtectionEvidence,"What traceable evidence demonstrates that the outcome/control 'A.8.24 - Use of Cryptography' is implemented or satisfied within the declared scope, and what provenance supports that evidence?",R1_FINAL_POST_ADJUDICATION_MAPPING
GQM-ISO-084-EVID-01,GQM-ISO-084,ISO27001:2022,A.8.25,evidence_first,,SecureDevelopmentEvidence,"What traceable evidence demonstrates that the outcome/control 'A.8.25 - Secure Development Life Cycle' is implemented or satisfied within the declared scope, and what provenance supports that evidence?",R1_FINAL_POST_ADJUDICATION_MAPPING
GQM-ISO-085-EVID-01,GQM-ISO-085,ISO27001:2022,A.8.26,evidence_first,,SecureDevelopmentEvidence,"What traceable evidence demonstrates that the outcome/control 'A.8.26 - Application Security Requirements' is implemented or satisfied within the declared scope, and what provenance supports that evidence?",R1_FINAL_POST_ADJUDICATION_MAPPING
GQM-ISO-086-EVID-01,GQM-ISO-086,ISO27001:2022,A.8.27,evidence_first,,SecureDevelopmentEvidence,"What traceable evidence demonstrates that the outcome/control 'A.8.27 - Secure System Architecture and Engineering Principles' is implemented or satisfied within the declared scope, and what provenance supports that evidence?",R1_FINAL_POST_ADJUDICATION_MAPPING
GQM-ISO-087-EVID-01,GQM-ISO-087,ISO27001:2022,A.8.28,evidence_first,,SecureDevelopmentEvidence,"What traceable evidence demonstrates that the outcome/control 'A.8.28 - Secure Coding' is implemented or satisfied within the declared scope, and what provenance supports that evidence?",R1_FINAL_POST_ADJUDICATION_MAPPING
GQM-ISO-088-EVID-01,GQM-ISO-088,ISO27001:2022,A.8.29,evidence_first,,SecureDevelopmentEvidence,"What traceable evidence demonstrates that the outcome/control 'A.8.29 - Security Testing in Development and Acceptance' is implemented or satisfied within the declared scope, and what provenance supports that evidence?",R1_FINAL_POST_ADJUDICATION_MAPPING
GQM-ISO-062-EVID-01,GQM-ISO-062,ISO27001:2022,A.8.3,evidence_first,,IdentityAccessEvidence,"What traceable evidence demonstrates that the outcome/control 'A.8.3 - Information Access Restriction' is implemented or satisfied within the declared scope, and what provenance supports that evidence?",R1_FINAL_POST_ADJUDICATION_MAPPING
GQM-ISO-089-EVID-01,GQM-ISO-089,ISO27001:2022,A.8.30,evidence_first,,SecureDevelopmentEvidence,"What traceable evidence demonstrates that the outcome/control 'A.8.30 - Outsourced Development' is implemented or satisfied within the declared scope, and what provenance supports that evidence?",R1_FINAL_POST_ADJUDICATION_MAPPING
GQM-ISO-090-EVID-01,GQM-ISO-090,ISO27001:2022,A.8.31,evidence_first,,SecureDevelopmentEvidence,"What traceable evidence demonstrates that the outcome/control 'A.8.31 - Separation of Development, Test and Production Environments' is implemented or satisfied within the declared scope, and what provenance supports that evidence?",R1_FINAL_POST_ADJUDICATION_MAPPING
GQM-ISO-091-EVID-01,GQM-ISO-091,ISO27001:2022,A.8.32,evidence_first,,PlatformConfigurationEvidence,"What traceable evidence demonstrates that the outcome/control 'A.8.32 - Change Management' is implemented or satisfied within the declared scope, and what provenance supports that evidence?",R1_FINAL_POST_ADJUDICATION_MAPPING
GQM-ISO-092-EVID-01,GQM-ISO-092,ISO27001:2022,A.8.33,evidence_first,,PrivacyDataProtectionEvidence,"What traceable evidence demonstrates that the outcome/control 'A.8.33 - Test Information' is implemented or satisfied within the declared scope, and what provenance supports that evidence?",R1_FINAL_POST_ADJUDICATION_MAPPING
GQM-ISO-093-EVID-01,GQM-ISO-093,ISO27001:2022,A.8.34,evidence_first,,ComplianceAuditEvidence,"What traceable evidence demonstrates that the outcome/control 'A.8.34 - Protection of Information Systems During Audit Testing' is implemented or satisfied within the declared scope, and what provenance supports that evidence?",R1_FINAL_POST_ADJUDICATION_MAPPING
GQM-ISO-063-EVID-01,GQM-ISO-063,ISO27001:2022,A.8.4,evidence_first,,IdentityAccessEvidence,"What traceable evidence demonstrates that the outcome/control 'A.8.4 - Access to Source Code' is implemented or satisfied within the declared scope, and what provenance supports that evidence?",R1_FINAL_POST_ADJUDICATION_MAPPING
GQM-ISO-064-EVID-01,GQM-ISO-064,ISO27001:2022,A.8.5,evidence_first,,IdentityAccessEvidence,"What traceable evidence demonstrates that the outcome/control 'A.8.5 - Secure Authentication' is implemented or satisfied within the declared scope, and what provenance supports that evidence?",R1_FINAL_POST_ADJUDICATION_MAPPING
GQM-ISO-065-EVID-01,GQM-ISO-065,ISO27001:2022,A.8.6,evidence_first,,ContinuityResilienceEvidence,"What traceable evidence demonstrates that the outcome/control 'A.8.6 - Capacity Management' is implemented or satisfied within the declared scope, and what provenance supports that evidence?",R1_FINAL_POST_ADJUDICATION_MAPPING
GQM-ISO-066-EVID-01,GQM-ISO-066,ISO27001:2022,A.8.7,evidence_first,,PlatformConfigurationEvidence,"What traceable evidence demonstrates that the outcome/control 'A.8.7 - Protection Against Malware' is implemented or satisfied within the declared scope, and what provenance supports that evidence?",R1_FINAL_POST_ADJUDICATION_MAPPING
GQM-ISO-067-EVID-01,GQM-ISO-067,ISO27001:2022,A.8.8,evidence_first,,RiskAssessmentEvidence,"What traceable evidence demonstrates that the outcome/control 'A.8.8 - Management of Technical Vulnerabilities' is implemented or satisfied within the declared scope, and what provenance supports that evidence?",R1_FINAL_POST_ADJUDICATION_MAPPING
GQM-ISO-067-MET-01,GQM-ISO-067,ISO27001:2022,A.8.8,metric_specific,EP_EXPLOIT,RiskAssessmentEvidence,"For vulnerabilities or threats directly relevant to A.8.8 - Management of Technical Vulnerabilities, what CVSS-based exploitability evidence is available, and what provenance supports the score?",R1_FINAL_POST_ADJUDICATION_MAPPING
GQM-ISO-068-EVID-01,GQM-ISO-068,ISO27001:2022,A.8.9,evidence_first,,PlatformConfigurationEvidence,"What traceable evidence demonstrates that the outcome/control 'A.8.9 - Configuration Management' is implemented or satisfied within the declared scope, and what provenance supports that evidence?",R1_FINAL_POST_ADJUDICATION_MAPPING
GQM-CSF-080-EVID-01,GQM-CSF-080,NIST-CSF-2.0,DE.AE-02,evidence_first,,MonitoringDetectionEvidence,"What traceable evidence demonstrates that the outcome/control 'DE.AE-02 - Potentially adverse events are analyzed to better understand associated activities' is implemented or satisfied within the declared scope, and what provenance supports that evidence?",R1_FINAL_POST_ADJUDICATION_MAPPING
GQM-CSF-080-MET-01,GQM-CSF-080,NIST-CSF-2.0,DE.AE-02,metric_specific,AUROC,MonitoringDetectionEvidence,"When a scorer is explicitly used as evidence for DE.AE-02 - Potentially adverse events are analyzed to better understand associated activities, what AUROC characterizes ranking performance and on which evaluation set?",R1_FINAL_POST_ADJUDICATION_MAPPING
GQM-CSF-080-MET-02,GQM-CSF-080,NIST-CSF-2.0,DE.AE-02,metric_specific,CAL_BRIER,MonitoringDetectionEvidence,"When a probabilistic scorer is explicitly used as evidence for DE.AE-02 - Potentially adverse events are analyzed to better understand associated activities, what Brier score characterizes calibration on the declared evaluation set?",R1_FINAL_POST_ADJUDICATION_MAPPING
GQM-CSF-080-MET-03,GQM-CSF-080,NIST-CSF-2.0,DE.AE-02,metric_specific,DR,MonitoringDetectionEvidence,"When a detector is explicitly used as evidence for DE.AE-02 - Potentially adverse events are analyzed to better understand associated activities, what detection rate is observed at the declared operating point, and on which evaluation set?",R1_FINAL_POST_ADJUDICATION_MAPPING
GQM-CSF-080-MET-04,GQM-CSF-080,NIST-CSF-2.0,DE.AE-02,metric_specific,EP_FREQ,MonitoringDetectionEvidence,"For monitored events directly relevant to DE.AE-02 - Potentially adverse events are analyzed to better understand associated activities, what event frequency is observed over the declared measurement window, and what provenance identifies the source and window?",R1_FINAL_POST_ADJUDICATION_MAPPING
GQM-CSF-080-MET-05,GQM-CSF-080,NIST-CSF-2.0,DE.AE-02,metric_specific,FPR,MonitoringDetectionEvidence,"When a detector is explicitly used as evidence for DE.AE-02 - Potentially adverse events are analyzed to better understand associated activities, what false-positive rate is observed at the same operating point, including benign-sample counts?",R1_FINAL_POST_ADJUDICATION_MAPPING
GQM-CSF-080-MET-06,GQM-CSF-080,NIST-CSF-2.0,DE.AE-02,metric_specific,PR_AUC,MonitoringDetectionEvidence,"When a scorer is explicitly used as evidence for DE.AE-02 - Potentially adverse events are analyzed to better understand associated activities, what precision-recall AUC is observed under the declared class prevalence?",R1_FINAL_POST_ADJUDICATION_MAPPING
GQM-CSF-081-EVID-01,GQM-CSF-081,NIST-CSF-2.0,DE.AE-03,evidence_first,,MonitoringDetectionEvidence,"What traceable evidence demonstrates that the outcome/control 'DE.AE-03 - Information is correlated from multiple sources' is implemented or satisfied within the declared scope, and what provenance supports that evidence?",R1_FINAL_POST_ADJUDICATION_MAPPING
GQM-CSF-081-MET-01,GQM-CSF-081,NIST-CSF-2.0,DE.AE-03,metric_specific,AUROC,MonitoringDetectionEvidence,"When a scorer is explicitly used as evidence for DE.AE-03 - Information is correlated from multiple sources, what AUROC characterizes ranking performance and on which evaluation set?",R1_FINAL_POST_ADJUDICATION_MAPPING
GQM-CSF-081-MET-02,GQM-CSF-081,NIST-CSF-2.0,DE.AE-03,metric_specific,CAL_BRIER,MonitoringDetectionEvidence,"When a probabilistic scorer is explicitly used as evidence for DE.AE-03 - Information is correlated from multiple sources, what Brier score characterizes calibration on the declared evaluation set?",R1_FINAL_POST_ADJUDICATION_MAPPING
GQM-CSF-081-MET-03,GQM-CSF-081,NIST-CSF-2.0,DE.AE-03,metric_specific,EP_FREQ,MonitoringDetectionEvidence,"For monitored events directly relevant to DE.AE-03 - Information is correlated from multiple sources, what event frequency is observed over the declared measurement window, and what provenance identifies the source and window?",R1_FINAL_POST_ADJUDICATION_MAPPING
GQM-CSF-081-MET-04,GQM-CSF-081,NIST-CSF-2.0,DE.AE-03,metric_specific,PR_AUC,MonitoringDetectionEvidence,"When a scorer is explicitly used as evidence for DE.AE-03 - Information is correlated from multiple sources, what precision-recall AUC is observed under the declared class prevalence?",R1_FINAL_POST_ADJUDICATION_MAPPING
GQM-CSF-082-EVID-01,GQM-CSF-082,NIST-CSF-2.0,DE.AE-04,evidence_first,,MonitoringDetectionEvidence,"What traceable evidence demonstrates that the outcome/control 'DE.AE-04 - The estimated impact and scope of adverse events are understood' is implemented or satisfied within the declared scope, and what provenance supports that evidence?",R1_FINAL_POST_ADJUDICATION_MAPPING
GQM-CSF-082-MET-01,GQM-CSF-082,NIST-CSF-2.0,DE.AE-04,metric_specific,DR,MonitoringDetectionEvidence,"When a detector is explicitly used as evidence for DE.AE-04 - The estimated impact and scope of adverse events are understood, what detection rate is observed at the declared operating point, and on which evaluation set?",R1_FINAL_POST_ADJUDICATION_MAPPING
GQM-CSF-082-MET-02,GQM-CSF-082,NIST-CSF-2.0,DE.AE-04,metric_specific,EP_FREQ,MonitoringDetectionEvidence,"For monitored events directly relevant to DE.AE-04 - The estimated impact and scope of adverse events are understood, what event frequency is observed over the declared measurement window, and what provenance identifies the source and window?",R1_FINAL_POST_ADJUDICATION_MAPPING
GQM-CSF-082-MET-03,GQM-CSF-082,NIST-CSF-2.0,DE.AE-04,metric_specific,FPR,MonitoringDetectionEvidence,"When a detector is explicitly used as evidence for DE.AE-04 - The estimated impact and scope of adverse events are understood, what false-positive rate is observed at the same operating point, including benign-sample counts?",R1_FINAL_POST_ADJUDICATION_MAPPING
GQM-CSF-083-EVID-01,GQM-CSF-083,NIST-CSF-2.0,DE.AE-06,evidence_first,,MonitoringDetectionEvidence,"What traceable evidence demonstrates that the outcome/control 'DE.AE-06 - Information on adverse events is provided to authorized staff and tools' is implemented or satisfied within the declared scope, and what provenance supports that evidence?",R1_FINAL_POST_ADJUDICATION_MAPPING
GQM-CSF-083-MET-02,GQM-CSF-083,NIST-CSF-2.0,DE.AE-06,metric_specific,EP_FREQ,MonitoringDetectionEvidence,"For monitored events directly relevant to DE.AE-06 - Information on adverse events is provided to authorized staff and tools, what event frequency is observed over the declared measurement window, and what provenance identifies the source and window?",R1_FINAL_POST_ADJUDICATION_MAPPING
GQM-CSF-084-EVID-01,GQM-CSF-084,NIST-CSF-2.0,DE.AE-07,evidence_first,,MonitoringDetectionEvidence,"What traceable evidence demonstrates that the outcome/control 'DE.AE-07 - Cyber threat intelligence and other contextual information are integrated into the analysis' is implemented or satisfied within the declared scope, and what provenance supports that evidence?",R1_FINAL_POST_ADJUDICATION_MAPPING
GQM-CSF-084-MET-01,GQM-CSF-084,NIST-CSF-2.0,DE.AE-07,metric_specific,AUROC,MonitoringDetectionEvidence,"When a scorer is explicitly used as evidence for DE.AE-07 - Cyber threat intelligence and other contextual information are integrated into the analysis, what AUROC characterizes ranking performance and on which evaluation set?",R1_FINAL_POST_ADJUDICATION_MAPPING
GQM-CSF-084-MET-02,GQM-CSF-084,NIST-CSF-2.0,DE.AE-07,metric_specific,CAL_BRIER,MonitoringDetectionEvidence,"When a probabilistic scorer is explicitly used as evidence for DE.AE-07 - Cyber threat intelligence and other contextual information are integrated into the analysis, what Brier score characterizes calibration on the declared evaluation set?",R1_FINAL_POST_ADJUDICATION_MAPPING
GQM-CSF-084-MET-03,GQM-CSF-084,NIST-CSF-2.0,DE.AE-07,metric_specific,EP_FREQ,MonitoringDetectionEvidence,"For monitored events directly relevant to DE.AE-07 - Cyber threat intelligence and other contextual information are integrated into the analysis, what event frequency is observed over the declared measurement window, and what provenance identifies the source and window?",R1_FINAL_POST_ADJUDICATION_MAPPING
GQM-CSF-084-MET-04,GQM-CSF-084,NIST-CSF-2.0,DE.AE-07,metric_specific,PR_AUC,MonitoringDetectionEvidence,"When a scorer is explicitly used as evidence for DE.AE-07 - Cyber threat intelligence and other contextual information are integrated into the analysis, what precision-recall AUC is observed under the declared class prevalence?",R1_FINAL_POST_ADJUDICATION_MAPPING
GQM-CSF-085-EVID-01,GQM-CSF-085,NIST-CSF-2.0,DE.AE-08,evidence_first,,IncidentResponseEvidence,"What traceable evidence demonstrates that the outcome/control 'DE.AE-08 - Incidents are declared when adverse events meet the defined incident criteria' is implemented or satisfied within the declared scope, and what provenance supports that evidence?",R1_FINAL_POST_ADJUDICATION_MAPPING
GQM-CSF-075-EVID-01,GQM-CSF-075,NIST-CSF-2.0,DE.CM-01,evidence_first,,MonitoringDetectionEvidence,"What traceable evidence demonstrates that the outcome/control 'DE.CM-01 - Networks and network services are monitored to find potentially adverse events' is implemented or satisfied within the declared scope, and what provenance supports that evidence?",R1_FINAL_POST_ADJUDICATION_MAPPING
GQM-CSF-075-MET-01,GQM-CSF-075,NIST-CSF-2.0,DE.CM-01,metric_specific,DR,MonitoringDetectionEvidence,"When a detector is explicitly used as evidence for DE.CM-01 - Networks and network services are monitored to find potentially adverse events, what detection rate is observed at the declared operating point, and on which evaluation set?",R1_FINAL_POST_ADJUDICATION_MAPPING
GQM-CSF-075-MET-02,GQM-CSF-075,NIST-CSF-2.0,DE.CM-01,metric_specific,EP_FREQ,MonitoringDetectionEvidence,"For monitored events directly relevant to DE.CM-01 - Networks and network services are monitored to find potentially adverse events, what event frequency is observed over the declared measurement window, and what provenance identifies the source and window?",R1_FINAL_POST_ADJUDICATION_MAPPING
GQM-CSF-075-MET-03,GQM-CSF-075,NIST-CSF-2.0,DE.CM-01,metric_specific,FPR,MonitoringDetectionEvidence,"When a detector is explicitly used as evidence for DE.CM-01 - Networks and network services are monitored to find potentially adverse events, what false-positive rate is observed at the same operating point, including benign-sample counts?",R1_FINAL_POST_ADJUDICATION_MAPPING
GQM-CSF-076-EVID-01,GQM-CSF-076,NIST-CSF-2.0,DE.CM-02,evidence_first,,MonitoringDetectionEvidence,"What traceable evidence demonstrates that the outcome/control 'DE.CM-02 - The physical environment is monitored to find potentially adverse events' is implemented or satisfied within the declared scope, and what provenance supports that evidence?",R1_FINAL_POST_ADJUDICATION_MAPPING
GQM-CSF-076-MET-01,GQM-CSF-076,NIST-CSF-2.0,DE.CM-02,metric_specific,DR,MonitoringDetectionEvidence,"When a detector is explicitly used as evidence for DE.CM-02 - The physical environment is monitored to find potentially adverse events, what detection rate is observed at the declared operating point, and on which evaluation set?",R1_FINAL_POST_ADJUDICATION_MAPPING
GQM-CSF-076-MET-02,GQM-CSF-076,NIST-CSF-2.0,DE.CM-02,metric_specific,EP_FREQ,MonitoringDetectionEvidence,"For monitored events directly relevant to DE.CM-02 - The physical environment is monitored to find potentially adverse events, what event frequency is observed over the declared measurement window, and what provenance identifies the source and window?",R1_FINAL_POST_ADJUDICATION_MAPPING
GQM-CSF-076-MET-03,GQM-CSF-076,NIST-CSF-2.0,DE.CM-02,metric_specific,FPR,MonitoringDetectionEvidence,"When a detector is explicitly used as evidence for DE.CM-02 - The physical environment is monitored to find potentially adverse events, what false-positive rate is observed at the same operating point, including benign-sample counts?",R1_FINAL_POST_ADJUDICATION_MAPPING
GQM-CSF-077-EVID-01,GQM-CSF-077,NIST-CSF-2.0,DE.CM-03,evidence_first,,MonitoringDetectionEvidence,"What traceable evidence demonstrates that the outcome/control 'DE.CM-03 - Personnel activity and technology usage are monitored to find potentially adverse events' is implemented or satisfied within the declared scope, and what provenance supports that evidence?",R1_FINAL_POST_ADJUDICATION_MAPPING
GQM-CSF-077-MET-01,GQM-CSF-077,NIST-CSF-2.0,DE.CM-03,metric_specific,DR,MonitoringDetectionEvidence,"When a detector is explicitly used as evidence for DE.CM-03 - Personnel activity and technology usage are monitored to find potentially adverse events, what detection rate is observed at the declared operating point, and on which evaluation set?",R1_FINAL_POST_ADJUDICATION_MAPPING
GQM-CSF-077-MET-02,GQM-CSF-077,NIST-CSF-2.0,DE.CM-03,metric_specific,EP_FREQ,MonitoringDetectionEvidence,"For monitored events directly relevant to DE.CM-03 - Personnel activity and technology usage are monitored to find potentially adverse events, what event frequency is observed over the declared measurement window, and what provenance identifies the source and window?",R1_FINAL_POST_ADJUDICATION_MAPPING
GQM-CSF-077-MET-03,GQM-CSF-077,NIST-CSF-2.0,DE.CM-03,metric_specific,FPR,MonitoringDetectionEvidence,"When a detector is explicitly used as evidence for DE.CM-03 - Personnel activity and technology usage are monitored to find potentially adverse events, what false-positive rate is observed at the same operating point, including benign-sample counts?",R1_FINAL_POST_ADJUDICATION_MAPPING
GQM-CSF-078-EVID-01,GQM-CSF-078,NIST-CSF-2.0,DE.CM-06,evidence_first,,MonitoringDetectionEvidence,"What traceable evidence demonstrates that the outcome/control 'DE.CM-06 - External service provider activities and services are monitored to find potentially adverse events' is implemented or satisfied within the declared scope, and what provenance supports that evidence?",R1_FINAL_POST_ADJUDICATION_MAPPING
GQM-CSF-078-MET-01,GQM-CSF-078,NIST-CSF-2.0,DE.CM-06,metric_specific,DR,MonitoringDetectionEvidence,"When a detector is explicitly used as evidence for DE.CM-06 - External service provider activities and services are monitored to find potentially adverse events, what detection rate is observed at the declared operating point, and on which evaluation set?",R1_FINAL_POST_ADJUDICATION_MAPPING
GQM-CSF-078-MET-02,GQM-CSF-078,NIST-CSF-2.0,DE.CM-06,metric_specific,EP_FREQ,MonitoringDetectionEvidence,"For monitored events directly relevant to DE.CM-06 - External service provider activities and services are monitored to find potentially adverse events, what event frequency is observed over the declared measurement window, and what provenance identifies the source and window?",R1_FINAL_POST_ADJUDICATION_MAPPING
GQM-CSF-078-MET-03,GQM-CSF-078,NIST-CSF-2.0,DE.CM-06,metric_specific,FPR,MonitoringDetectionEvidence,"When a detector is explicitly used as evidence for DE.CM-06 - External service provider activities and services are monitored to find potentially adverse events, what false-positive rate is observed at the same operating point, including benign-sample counts?",R1_FINAL_POST_ADJUDICATION_MAPPING
GQM-CSF-079-EVID-01,GQM-CSF-079,NIST-CSF-2.0,DE.CM-09,evidence_first,,MonitoringDetectionEvidence,"What traceable evidence demonstrates that the outcome/control 'DE.CM-09 - Computing hardware and software, runtime environments, and their data are monitored to find potentially adverse events' is implemented or satisfied within the declared scope, and what provenance supports that evidence?",R1_FINAL_POST_ADJUDICATION_MAPPING
GQM-CSF-079-MET-01,GQM-CSF-079,NIST-CSF-2.0,DE.CM-09,metric_specific,DR,MonitoringDetectionEvidence,"When a detector is explicitly used as evidence for DE.CM-09 - Computing hardware and software, runtime environments, and their data are monitored to find potentially adverse events, what detection rate is observed at the declared operating point, and on which evaluation set?",R1_FINAL_POST_ADJUDICATION_MAPPING
GQM-CSF-079-MET-02,GQM-CSF-079,NIST-CSF-2.0,DE.CM-09,metric_specific,EP_FREQ,MonitoringDetectionEvidence,"For monitored events directly relevant to DE.CM-09 - Computing hardware and software, runtime environments, and their data are monitored to find potentially adverse events, what event frequency is observed over the declared measurement window, and what provenance identifies the source and window?",R1_FINAL_POST_ADJUDICATION_MAPPING
GQM-CSF-079-MET-03,GQM-CSF-079,NIST-CSF-2.0,DE.CM-09,metric_specific,FPR,MonitoringDetectionEvidence,"When a detector is explicitly used as evidence for DE.CM-09 - Computing hardware and software, runtime environments, and their data are monitored to find potentially adverse events, what false-positive rate is observed at the same operating point, including benign-sample counts?",R1_FINAL_POST_ADJUDICATION_MAPPING
GQM-CSF-001-EVID-01,GQM-CSF-001,NIST-CSF-2.0,GV.OC-01,evidence_first,,GovernanceDecisionEvidence,"What traceable evidence demonstrates that the outcome/control 'GV.OC-01 - The organizational mission is understood and informs cybersecurity risk management' is implemented or satisfied within the declared scope, and what provenance supports that evidence?",R1_FINAL_POST_ADJUDICATION_MAPPING
GQM-CSF-002-EVID-01,GQM-CSF-002,NIST-CSF-2.0,GV.OC-02,evidence_first,,GovernanceDecisionEvidence,"What traceable evidence demonstrates that the outcome/control 'GV.OC-02 - Internal and external stakeholders are understood, and their needs and expectations regarding cybersecurity risk management are understood and considered' is implemented or satisfied within the declared scope, and what provenance supports that evidence?",R1_FINAL_POST_ADJUDICATION_MAPPING
GQM-CSF-003-EVID-01,GQM-CSF-003,NIST-CSF-2.0,GV.OC-03,evidence_first,,GovernanceDecisionEvidence,"What traceable evidence demonstrates that the outcome/control 'GV.OC-03 - Legal, regulatory, and contractual requirements regarding cybersecurity - including privacy and civil liberties obligations - are understood and managed' is implemented or satisfied within the declared scope, and what provenance supports that evidence?",R1_FINAL_POST_ADJUDICATION_MAPPING
GQM-CSF-004-EVID-01,GQM-CSF-004,NIST-CSF-2.0,GV.OC-04,evidence_first,,GovernanceDecisionEvidence,"What traceable evidence demonstrates that the outcome/control 'GV.OC-04 - Critical objectives, capabilities, and services that external stakeholders depend on or expect from the organization are understood and communicated' is implemented or satisfied within the declared scope, and what provenance supports that evidence?",R1_FINAL_POST_ADJUDICATION_MAPPING
GQM-CSF-005-EVID-01,GQM-CSF-005,NIST-CSF-2.0,GV.OC-05,evidence_first,,GovernanceDecisionEvidence,"What traceable evidence demonstrates that the outcome/control 'GV.OC-05 - Outcomes, capabilities, and services that the organization depends on are understood and communicated' is implemented or satisfied within the declared scope, and what provenance supports that evidence?",R1_FINAL_POST_ADJUDICATION_MAPPING
GQM-CSF-019-EVID-01,GQM-CSF-019,NIST-CSF-2.0,GV.OV-01,evidence_first,,ComplianceAuditEvidence,"What traceable evidence demonstrates that the outcome/control 'GV.OV-01 - Cybersecurity risk management strategy outcomes are reviewed to inform and adjust strategy and direction' is implemented or satisfied within the declared scope, and what provenance supports that evidence?",R1_FINAL_POST_ADJUDICATION_MAPPING
GQM-CSF-020-EVID-01,GQM-CSF-020,NIST-CSF-2.0,GV.OV-02,evidence_first,,ComplianceAuditEvidence,"What traceable evidence demonstrates that the outcome/control 'GV.OV-02 - The cybersecurity risk management strategy is reviewed and adjusted to ensure coverage of organizational requirements and risks' is implemented or satisfied within the declared scope, and what provenance supports that evidence?",R1_FINAL_POST_ADJUDICATION_MAPPING
GQM-CSF-021-EVID-01,GQM-CSF-021,NIST-CSF-2.0,GV.OV-03,evidence_first,,ComplianceAuditEvidence,"What traceable evidence demonstrates that the outcome/control 'GV.OV-03 - Organizational cybersecurity risk management performance is evaluated and reviewed for adjustments needed' is implemented or satisfied within the declared scope, and what provenance supports that evidence?",R1_FINAL_POST_ADJUDICATION_MAPPING
GQM-CSF-017-EVID-01,GQM-CSF-017,NIST-CSF-2.0,GV.PO-01,evidence_first,,PolicyProcedureEvidence,"What traceable evidence demonstrates that the outcome/control 'GV.PO-01 - Policy for managing cybersecurity risks is established based on organizational context, cybersecurity strategy, and priorities and is communicated and enforced' is implemented or satisfied within the declared scope, and what provenance supports that evidence?",R1_FINAL_POST_ADJUDICATION_MAPPING
GQM-CSF-018-EVID-01,GQM-CSF-018,NIST-CSF-2.0,GV.PO-02,evidence_first,,PolicyProcedureEvidence,"What traceable evidence demonstrates that the outcome/control 'GV.PO-02 - Policy for managing cybersecurity risks is reviewed, updated, communicated, and enforced to reflect changes in requirements, threats, technology, and organizational mission' is implemented or satisfied within the declared scope, and what provenance supports that evidence?",R1_FINAL_POST_ADJUDICATION_MAPPING
GQM-CSF-006-EVID-01,GQM-CSF-006,NIST-CSF-2.0,GV.RM-01,evidence_first,,RiskAssessmentEvidence,"What traceable evidence demonstrates that the outcome/control 'GV.RM-01 - Risk management objectives are established and agreed to by organizational stakeholders' is implemented or satisfied within the declared scope, and what provenance supports that evidence?",R1_FINAL_POST_ADJUDICATION_MAPPING
GQM-CSF-007-EVID-01,GQM-CSF-007,NIST-CSF-2.0,GV.RM-02,evidence_first,,RiskAssessmentEvidence,"What traceable evidence demonstrates that the outcome/control 'GV.RM-02 - Risk appetite and risk tolerance statements are established, communicated, and maintained' is implemented or satisfied within the declared scope, and what provenance supports that evidence?",R1_FINAL_POST_ADJUDICATION_MAPPING
GQM-CSF-008-EVID-01,GQM-CSF-008,NIST-CSF-2.0,GV.RM-03,evidence_first,,RiskAssessmentEvidence,"What traceable evidence demonstrates that the outcome/control 'GV.RM-03 - Cybersecurity risk management activities and outcomes are included in enterprise risk management processes' is implemented or satisfied within the declared scope, and what provenance supports that evidence?",R1_FINAL_POST_ADJUDICATION_MAPPING
GQM-CSF-009-EVID-01,GQM-CSF-009,NIST-CSF-2.0,GV.RM-04,evidence_first,,RiskAssessmentEvidence,"What traceable evidence demonstrates that the outcome/control 'GV.RM-04 - Strategic direction that describes appropriate risk response options is established and communicated' is implemented or satisfied within the declared scope, and what provenance supports that evidence?",R1_FINAL_POST_ADJUDICATION_MAPPING
GQM-CSF-009-MET-01,GQM-CSF-009,NIST-CSF-2.0,GV.RM-04,metric_specific,RRL_PORTFOLIO,RiskAssessmentEvidence,"For risk treatments directly relevant to GV.RM-04 - Strategic direction that describes appropriate risk response options is established and communicated, what risk-reduction level is observed and what baseline/after-treatment evidence supports it?",R1_FINAL_POST_ADJUDICATION_MAPPING
GQM-CSF-010-EVID-01,GQM-CSF-010,NIST-CSF-2.0,GV.RM-05,evidence_first,,RiskAssessmentEvidence,"What traceable evidence demonstrates that the outcome/control 'GV.RM-05 - Lines of communication across the organization are established for cybersecurity risks, including risks from suppliers and other third parties' is implemented or satisfied within the declared scope, and what provenance supports that evidence?",R1_FINAL_POST_ADJUDICATION_MAPPING
GQM-CSF-011-EVID-01,GQM-CSF-011,NIST-CSF-2.0,GV.RM-06,evidence_first,,RiskAssessmentEvidence,"What traceable evidence demonstrates that the outcome/control 'GV.RM-06 - A standardized method for calculating, documenting, categorizing, and prioritizing cybersecurity risks is established and communicated' is implemented or satisfied within the declared scope, and what provenance supports that evidence?",R1_FINAL_POST_ADJUDICATION_MAPPING
GQM-CSF-012-EVID-01,GQM-CSF-012,NIST-CSF-2.0,GV.RM-07,evidence_first,,RiskAssessmentEvidence,"What traceable evidence demonstrates that the outcome/control 'GV.RM-07 - Strategic opportunities (i.e., positive risks) are characterized and are included in organizational cybersecurity risk discussions' is implemented or satisfied within the declared scope, and what provenance supports that evidence?",R1_FINAL_POST_ADJUDICATION_MAPPING
GQM-CSF-013-EVID-01,GQM-CSF-013,NIST-CSF-2.0,GV.RR-01,evidence_first,,GovernanceDecisionEvidence,"What traceable evidence demonstrates that the outcome/control 'GV.RR-01 - Organizational leadership is responsible and accountable for cybersecurity risk and fosters a culture that is risk-aware, ethical, and continually improving' is implemented or satisfied within the declared scope, and what provenance supports that evidence?",R1_FINAL_POST_ADJUDICATION_MAPPING
GQM-CSF-014-EVID-01,GQM-CSF-014,NIST-CSF-2.0,GV.RR-02,evidence_first,,GovernanceDecisionEvidence,"What traceable evidence demonstrates that the outcome/control 'GV.RR-02 - Roles, responsibilities, and authorities related to cybersecurity risk management are established, communicated, understood, and enforced' is implemented or satisfied within the declared scope, and what provenance supports that evidence?",R1_FINAL_POST_ADJUDICATION_MAPPING
GQM-CSF-015-EVID-01,GQM-CSF-015,NIST-CSF-2.0,GV.RR-03,evidence_first,,GovernanceDecisionEvidence,"What traceable evidence demonstrates that the outcome/control 'GV.RR-03 - Adequate resources are allocated commensurate with the cybersecurity risk strategy, roles, responsibilities, and policies' is implemented or satisfied within the declared scope, and what provenance supports that evidence?",R1_FINAL_POST_ADJUDICATION_MAPPING
GQM-CSF-016-EVID-01,GQM-CSF-016,NIST-CSF-2.0,GV.RR-04,evidence_first,,PersonnelSecurityEvidence,"What traceable evidence demonstrates that the outcome/control 'GV.RR-04 - Cybersecurity is included in human resources practices' is implemented or satisfied within the declared scope, and what provenance supports that evidence?",R1_FINAL_POST_ADJUDICATION_MAPPING
GQM-CSF-022-EVID-01,GQM-CSF-022,NIST-CSF-2.0,GV.SC-01,evidence_first,,SupplierThirdPartyEvidence,"What traceable evidence demonstrates that the outcome/control 'GV.SC-01 - A cybersecurity supply chain risk management program, strategy, objectives, policies, and processes are established and agreed to by organizational stakeholders' is implemented or satisfied within the declared scope, and what provenance supports that evidence?",R1_FINAL_POST_ADJUDICATION_MAPPING
GQM-CSF-023-EVID-01,GQM-CSF-023,NIST-CSF-2.0,GV.SC-02,evidence_first,,SupplierThirdPartyEvidence,"What traceable evidence demonstrates that the outcome/control 'GV.SC-02 - Cybersecurity roles and responsibilities for suppliers, customers, and partners are established, communicated, and coordinated internally and externally' is implemented or satisfied within the declared scope, and what provenance supports that evidence?",R1_FINAL_POST_ADJUDICATION_MAPPING
GQM-CSF-024-EVID-01,GQM-CSF-024,NIST-CSF-2.0,GV.SC-03,evidence_first,,SupplierThirdPartyEvidence,"What traceable evidence demonstrates that the outcome/control 'GV.SC-03 - Cybersecurity supply chain risk management is integrated into cybersecurity and enterprise risk management, risk assessment, and improvement processes' is implemented or satisfied within the declared scope, and what provenance supports that evidence?",R1_FINAL_POST_ADJUDICATION_MAPPING
GQM-CSF-025-EVID-01,GQM-CSF-025,NIST-CSF-2.0,GV.SC-04,evidence_first,,SupplierThirdPartyEvidence,"What traceable evidence demonstrates that the outcome/control 'GV.SC-04 - Suppliers are known and prioritized by criticality' is implemented or satisfied within the declared scope, and what provenance supports that evidence?",R1_FINAL_POST_ADJUDICATION_MAPPING
GQM-CSF-026-EVID-01,GQM-CSF-026,NIST-CSF-2.0,GV.SC-05,evidence_first,,SupplierThirdPartyEvidence,"What traceable evidence demonstrates that the outcome/control 'GV.SC-05 - Requirements to address cybersecurity risks in supply chains are established, prioritized, and integrated into contracts and other types of agreements with suppliers and other relevant third parties' is implemented or satisfied within the declared scope, and what provenance supports that evidence?",R1_FINAL_POST_ADJUDICATION_MAPPING
GQM-CSF-027-EVID-01,GQM-CSF-027,NIST-CSF-2.0,GV.SC-06,evidence_first,,SupplierThirdPartyEvidence,"What traceable evidence demonstrates that the outcome/control 'GV.SC-06 - Planning and due diligence are performed to reduce risks before entering into formal supplier or other third-party relationships' is implemented or satisfied within the declared scope, and what provenance supports that evidence?",R1_FINAL_POST_ADJUDICATION_MAPPING
GQM-CSF-028-EVID-01,GQM-CSF-028,NIST-CSF-2.0,GV.SC-07,evidence_first,,SupplierThirdPartyEvidence,"What traceable evidence demonstrates that the outcome/control 'GV.SC-07 - The risks posed by a supplier, their products and services, and other third parties are understood, recorded, prioritized, assessed, responded to, and monitored over the course of the relationship' is implemented or satisfied within the declared scope, and what provenance supports that evidence?",R1_FINAL_POST_ADJUDICATION_MAPPING
GQM-CSF-029-EVID-01,GQM-CSF-029,NIST-CSF-2.0,GV.SC-08,evidence_first,,SupplierThirdPartyEvidence,"What traceable evidence demonstrates that the outcome/control 'GV.SC-08 - Relevant suppliers and other third parties are included in incident planning, response, and recovery activities' is implemented or satisfied within the declared scope, and what provenance supports that evidence?",R1_FINAL_POST_ADJUDICATION_MAPPING
GQM-CSF-030-EVID-01,GQM-CSF-030,NIST-CSF-2.0,GV.SC-09,evidence_first,,SupplierThirdPartyEvidence,"What traceable evidence demonstrates that the outcome/control 'GV.SC-09 - Supply chain security practices are integrated into cybersecurity and enterprise risk management programs, and their performance is monitored throughout the technology product and service life cycle' is implemented or satisfied within the declared scope, and what provenance supports that evidence?",R1_FINAL_POST_ADJUDICATION_MAPPING
GQM-CSF-031-EVID-01,GQM-CSF-031,NIST-CSF-2.0,GV.SC-10,evidence_first,,SupplierThirdPartyEvidence,"What traceable evidence demonstrates that the outcome/control 'GV.SC-10 - Cybersecurity supply chain risk management plans include provisions for activities that occur after the conclusion of a partnership or service agreement' is implemented or satisfied within the declared scope, and what provenance supports that evidence?",R1_FINAL_POST_ADJUDICATION_MAPPING
GQM-CSF-032-EVID-01,GQM-CSF-032,NIST-CSF-2.0,ID.AM-01,evidence_first,,AssetInventoryEvidence,"What traceable evidence demonstrates that the outcome/control 'ID.AM-01 - Inventories of hardware managed by the organization are maintained' is implemented or satisfied within the declared scope, and what provenance supports that evidence?",R1_FINAL_POST_ADJUDICATION_MAPPING
GQM-CSF-033-EVID-01,GQM-CSF-033,NIST-CSF-2.0,ID.AM-02,evidence_first,,AssetInventoryEvidence,"What traceable evidence demonstrates that the outcome/control 'ID.AM-02 - Inventories of software, services, and systems managed by the organization are maintained' is implemented or satisfied within the declared scope, and what provenance supports that evidence?",R1_FINAL_POST_ADJUDICATION_MAPPING
GQM-CSF-034-EVID-01,GQM-CSF-034,NIST-CSF-2.0,ID.AM-03,evidence_first,,AssetInventoryEvidence,"What traceable evidence demonstrates that the outcome/control 'ID.AM-03 - Representations of the organization's authorized network communication and internal and external network data flows are maintained' is implemented or satisfied within the declared scope, and what provenance supports that evidence?",R1_FINAL_POST_ADJUDICATION_MAPPING
GQM-CSF-035-EVID-01,GQM-CSF-035,NIST-CSF-2.0,ID.AM-04,evidence_first,,AssetInventoryEvidence,"What traceable evidence demonstrates that the outcome/control 'ID.AM-04 - Inventories of services provided by suppliers are maintained' is implemented or satisfied within the declared scope, and what provenance supports that evidence?",R1_FINAL_POST_ADJUDICATION_MAPPING
GQM-CSF-036-EVID-01,GQM-CSF-036,NIST-CSF-2.0,ID.AM-05,evidence_first,,AssetInventoryEvidence,"What traceable evidence demonstrates that the outcome/control 'ID.AM-05 - Assets are prioritized based on classification, criticality, resources, and impact on the mission' is implemented or satisfied within the declared scope, and what provenance supports that evidence?",R1_FINAL_POST_ADJUDICATION_MAPPING
GQM-CSF-036-MET-01,GQM-CSF-036,NIST-CSF-2.0,ID.AM-05,metric_specific,AV_MONETARY,AssetInventoryEvidence,"For assets directly relevant to ID.AM-05 - Assets are prioritized based on classification, criticality, resources, and impact on the mission, what normalized monetary-value evidence is available, and what provenance supports the valuation?",R1_FINAL_POST_ADJUDICATION_MAPPING
GQM-CSF-037-EVID-01,GQM-CSF-037,NIST-CSF-2.0,ID.AM-07,evidence_first,,AssetInventoryEvidence,"What traceable evidence demonstrates that the outcome/control 'ID.AM-07 - Inventories of data and corresponding metadata for designated data types are maintained' is implemented or satisfied within the declared scope, and what provenance supports that evidence?",R1_FINAL_POST_ADJUDICATION_MAPPING
GQM-CSF-038-EVID-01,GQM-CSF-038,NIST-CSF-2.0,ID.AM-08,evidence_first,,AssetInventoryEvidence,"What traceable evidence demonstrates that the outcome/control 'ID.AM-08 - Systems, hardware, software, services, and data are managed throughout their life cycles' is implemented or satisfied within the declared scope, and what provenance supports that evidence?",R1_FINAL_POST_ADJUDICATION_MAPPING
GQM-CSF-049-EVID-01,GQM-CSF-049,NIST-CSF-2.0,ID.IM-01,evidence_first,,ComplianceAuditEvidence,"What traceable evidence demonstrates that the outcome/control 'ID.IM-01 - Improvements are identified from evaluations' is implemented or satisfied within the declared scope, and what provenance supports that evidence?",R1_FINAL_POST_ADJUDICATION_MAPPING
GQM-CSF-050-EVID-01,GQM-CSF-050,NIST-CSF-2.0,ID.IM-02,evidence_first,,ComplianceAuditEvidence,"What traceable evidence demonstrates that the outcome/control 'ID.IM-02 - Improvements are identified from security tests and exercises, including those done in coordination with suppliers and relevant third parties' is implemented or satisfied within the declared scope, and what provenance supports that evidence?",R1_FINAL_POST_ADJUDICATION_MAPPING
GQM-CSF-051-EVID-01,GQM-CSF-051,NIST-CSF-2.0,ID.IM-03,evidence_first,,ComplianceAuditEvidence,"What traceable evidence demonstrates that the outcome/control 'ID.IM-03 - Improvements are identified from execution of operational processes, procedures, and activities' is implemented or satisfied within the declared scope, and what provenance supports that evidence?",R1_FINAL_POST_ADJUDICATION_MAPPING
GQM-CSF-052-EVID-01,GQM-CSF-052,NIST-CSF-2.0,ID.IM-04,evidence_first,,IncidentResponseEvidence,"What traceable evidence demonstrates that the outcome/control 'ID.IM-04 - Incident response plans and other cybersecurity plans that affect operations are established, communicated, maintained, and improved' is implemented or satisfied within the declared scope, and what provenance supports that evidence?",R1_FINAL_POST_ADJUDICATION_MAPPING
GQM-CSF-039-EVID-01,GQM-CSF-039,NIST-CSF-2.0,ID.RA-01,evidence_first,,RiskAssessmentEvidence,"What traceable evidence demonstrates that the outcome/control 'ID.RA-01 - Vulnerabilities in assets are identified, validated, and recorded' is implemented or satisfied within the declared scope, and what provenance supports that evidence?",R1_FINAL_POST_ADJUDICATION_MAPPING
GQM-CSF-039-MET-01,GQM-CSF-039,NIST-CSF-2.0,ID.RA-01,metric_specific,EP_EXPLOIT,RiskAssessmentEvidence,"For vulnerabilities or threats directly relevant to ID.RA-01 - Vulnerabilities in assets are identified, validated, and recorded, what CVSS-based exploitability evidence is available, and what provenance supports the score?",R1_FINAL_POST_ADJUDICATION_MAPPING
GQM-CSF-040-EVID-01,GQM-CSF-040,NIST-CSF-2.0,ID.RA-02,evidence_first,,RiskAssessmentEvidence,"What traceable evidence demonstrates that the outcome/control 'ID.RA-02 - Cyber threat intelligence is received from information sharing forums and sources' is implemented or satisfied within the declared scope, and what provenance supports that evidence?",R1_FINAL_POST_ADJUDICATION_MAPPING
GQM-CSF-040-MET-01,GQM-CSF-040,NIST-CSF-2.0,ID.RA-02,metric_specific,EP_EXPLOIT,RiskAssessmentEvidence,"For vulnerabilities or threats directly relevant to ID.RA-02 - Cyber threat intelligence is received from information sharing forums and sources, what CVSS-based exploitability evidence is available, and what provenance supports the score?",R1_FINAL_POST_ADJUDICATION_MAPPING
GQM-CSF-041-EVID-01,GQM-CSF-041,NIST-CSF-2.0,ID.RA-03,evidence_first,,RiskAssessmentEvidence,"What traceable evidence demonstrates that the outcome/control 'ID.RA-03 - Internal and external threats to the organization are identified and recorded' is implemented or satisfied within the declared scope, and what provenance supports that evidence?",R1_FINAL_POST_ADJUDICATION_MAPPING
GQM-CSF-041-MET-01,GQM-CSF-041,NIST-CSF-2.0,ID.RA-03,metric_specific,EP_EXPLOIT,RiskAssessmentEvidence,"For vulnerabilities or threats directly relevant to ID.RA-03 - Internal and external threats to the organization are identified and recorded, what CVSS-based exploitability evidence is available, and what provenance supports the score?",R1_FINAL_POST_ADJUDICATION_MAPPING
GQM-CSF-042-EVID-01,GQM-CSF-042,NIST-CSF-2.0,ID.RA-04,evidence_first,,RiskAssessmentEvidence,"What traceable evidence demonstrates that the outcome/control 'ID.RA-04 - Potential impacts and likelihoods of threats exploiting vulnerabilities are identified and recorded' is implemented or satisfied within the declared scope, and what provenance supports that evidence?",R1_FINAL_POST_ADJUDICATION_MAPPING
GQM-CSF-042-MET-01,GQM-CSF-042,NIST-CSF-2.0,ID.RA-04,metric_specific,EP_EXPLOIT,RiskAssessmentEvidence,"For vulnerabilities or threats directly relevant to ID.RA-04 - Potential impacts and likelihoods of threats exploiting vulnerabilities are identified and recorded, what CVSS-based exploitability evidence is available, and what provenance supports the score?",R1_FINAL_POST_ADJUDICATION_MAPPING
GQM-CSF-042-MET-02,GQM-CSF-042,NIST-CSF-2.0,ID.RA-04,metric_specific,IL_CIA,RiskAssessmentEvidence,"For impacts directly relevant to ID.RA-04 - Potential impacts and likelihoods of threats exploiting vulnerabilities are identified and recorded, what confidentiality/integrity/availability impact evidence is available, and what provenance supports the assessment?",R1_FINAL_POST_ADJUDICATION_MAPPING
GQM-CSF-043-EVID-01,GQM-CSF-043,NIST-CSF-2.0,ID.RA-05,evidence_first,,RiskAssessmentEvidence,"What traceable evidence demonstrates that the outcome/control 'ID.RA-05 - Threats, vulnerabilities, likelihoods, and impacts are used to understand inherent risk and inform risk response prioritization' is implemented or satisfied within the declared scope, and what provenance supports that evidence?",R1_FINAL_POST_ADJUDICATION_MAPPING
GQM-CSF-043-MET-01,GQM-CSF-043,NIST-CSF-2.0,ID.RA-05,metric_specific,EP_EXPLOIT,RiskAssessmentEvidence,"For vulnerabilities or threats directly relevant to ID.RA-05 - Threats, vulnerabilities, likelihoods, and impacts are used to understand inherent risk and inform risk response prioritization, what CVSS-based exploitability evidence is available, and what provenance supports the score?",R1_FINAL_POST_ADJUDICATION_MAPPING
GQM-CSF-043-MET-02,GQM-CSF-043,NIST-CSF-2.0,ID.RA-05,metric_specific,IL_CIA,RiskAssessmentEvidence,"For impacts directly relevant to ID.RA-05 - Threats, vulnerabilities, likelihoods, and impacts are used to understand inherent risk and inform risk response prioritization, what confidentiality/integrity/availability impact evidence is available, and what provenance supports the assessment?",R1_FINAL_POST_ADJUDICATION_MAPPING
GQM-CSF-043-MET-03,GQM-CSF-043,NIST-CSF-2.0,ID.RA-05,metric_specific,RRL_PORTFOLIO,RiskAssessmentEvidence,"For risk treatments directly relevant to ID.RA-05 - Threats, vulnerabilities, likelihoods, and impacts are used to understand inherent risk and inform risk response prioritization, what risk-reduction level is observed and what baseline/after-treatment evidence supports it?",R1_FINAL_POST_ADJUDICATION_MAPPING
GQM-CSF-044-EVID-01,GQM-CSF-044,NIST-CSF-2.0,ID.RA-06,evidence_first,,RiskAssessmentEvidence,"What traceable evidence demonstrates that the outcome/control 'ID.RA-06 - Risk responses are chosen, prioritized, planned, tracked, and communicated' is implemented or satisfied within the declared scope, and what provenance supports that evidence?",R1_FINAL_POST_ADJUDICATION_MAPPING
GQM-CSF-044-MET-01,GQM-CSF-044,NIST-CSF-2.0,ID.RA-06,metric_specific,RRL_PORTFOLIO,RiskAssessmentEvidence,"For risk treatments directly relevant to ID.RA-06 - Risk responses are chosen, prioritized, planned, tracked, and communicated, what risk-reduction level is observed and what baseline/after-treatment evidence supports it?",R1_FINAL_POST_ADJUDICATION_MAPPING
GQM-CSF-045-EVID-01,GQM-CSF-045,NIST-CSF-2.0,ID.RA-07,evidence_first,,RiskAssessmentEvidence,"What traceable evidence demonstrates that the outcome/control 'ID.RA-07 - Changes and exceptions are managed, assessed for risk impact, recorded, and tracked' is implemented or satisfied within the declared scope, and what provenance supports that evidence?",R1_FINAL_POST_ADJUDICATION_MAPPING
GQM-CSF-045-MET-01,GQM-CSF-045,NIST-CSF-2.0,ID.RA-07,metric_specific,IL_CIA,RiskAssessmentEvidence,"For impacts directly relevant to ID.RA-07 - Changes and exceptions are managed, assessed for risk impact, recorded, and tracked, what confidentiality/integrity/availability impact evidence is available, and what provenance supports the assessment?",R1_FINAL_POST_ADJUDICATION_MAPPING
GQM-CSF-046-EVID-01,GQM-CSF-046,NIST-CSF-2.0,ID.RA-08,evidence_first,,RiskAssessmentEvidence,"What traceable evidence demonstrates that the outcome/control 'ID.RA-08 - Processes for receiving, analyzing, and responding to vulnerability disclosures are established' is implemented or satisfied within the declared scope, and what provenance supports that evidence?",R1_FINAL_POST_ADJUDICATION_MAPPING
GQM-CSF-046-MET-01,GQM-CSF-046,NIST-CSF-2.0,ID.RA-08,metric_specific,EP_EXPLOIT,RiskAssessmentEvidence,"For vulnerabilities or threats directly relevant to ID.RA-08 - Processes for receiving, analyzing, and responding to vulnerability disclosures are established, what CVSS-based exploitability evidence is available, and what provenance supports the score?",R1_FINAL_POST_ADJUDICATION_MAPPING
GQM-CSF-047-EVID-01,GQM-CSF-047,NIST-CSF-2.0,ID.RA-09,evidence_first,,PlatformConfigurationEvidence,"What traceable evidence demonstrates that the outcome/control 'ID.RA-09 - The authenticity and integrity of hardware and software are assessed prior to acquisition and use' is implemented or satisfied within the declared scope, and what provenance supports that evidence?",R1_FINAL_POST_ADJUDICATION_MAPPING
GQM-CSF-048-EVID-01,GQM-CSF-048,NIST-CSF-2.0,ID.RA-10,evidence_first,,SupplierThirdPartyEvidence,"What traceable evidence demonstrates that the outcome/control 'ID.RA-10 - Critical suppliers are assessed prior to acquisition' is implemented or satisfied within the declared scope, and what provenance supports that evidence?",R1_FINAL_POST_ADJUDICATION_MAPPING
GQM-CSF-053-EVID-01,GQM-CSF-053,NIST-CSF-2.0,PR.AA-01,evidence_first,,IdentityAccessEvidence,"What traceable evidence demonstrates that the outcome/control 'PR.AA-01 - Identities and credentials for authorized users, services, and hardware are managed by the organization' is implemented or satisfied within the declared scope, and what provenance supports that evidence?",R1_FINAL_POST_ADJUDICATION_MAPPING
GQM-CSF-054-EVID-01,GQM-CSF-054,NIST-CSF-2.0,PR.AA-02,evidence_first,,IdentityAccessEvidence,"What traceable evidence demonstrates that the outcome/control 'PR.AA-02 - Identities are proofed and bound to credentials based on the context of interactions' is implemented or satisfied within the declared scope, and what provenance supports that evidence?",R1_FINAL_POST_ADJUDICATION_MAPPING
GQM-CSF-055-EVID-01,GQM-CSF-055,NIST-CSF-2.0,PR.AA-03,evidence_first,,IdentityAccessEvidence,"What traceable evidence demonstrates that the outcome/control 'PR.AA-03 - Users, services, and hardware are authenticated' is implemented or satisfied within the declared scope, and what provenance supports that evidence?",R1_FINAL_POST_ADJUDICATION_MAPPING
GQM-CSF-056-EVID-01,GQM-CSF-056,NIST-CSF-2.0,PR.AA-04,evidence_first,,IdentityAccessEvidence,"What traceable evidence demonstrates that the outcome/control 'PR.AA-04 - Identity assertions are protected, conveyed, and verified' is implemented or satisfied within the declared scope, and what provenance supports that evidence?",R1_FINAL_POST_ADJUDICATION_MAPPING
GQM-CSF-057-EVID-01,GQM-CSF-057,NIST-CSF-2.0,PR.AA-05,evidence_first,,IdentityAccessEvidence,"What traceable evidence demonstrates that the outcome/control 'PR.AA-05 - Access permissions, entitlements, and authorizations are defined in a policy, managed, enforced, and reviewed, and incorporate the principles of least privilege and separation of duties' is implemented or satisfied within the declared scope, and what provenance supports that evidence?",R1_FINAL_POST_ADJUDICATION_MAPPING
GQM-CSF-058-EVID-01,GQM-CSF-058,NIST-CSF-2.0,PR.AA-06,evidence_first,,PhysicalSecurityEvidence,"What traceable evidence demonstrates that the outcome/control 'PR.AA-06 - Physical access to assets is managed, monitored, and enforced commensurate with risk' is implemented or satisfied within the declared scope, and what provenance supports that evidence?",R1_FINAL_POST_ADJUDICATION_MAPPING
GQM-CSF-059-EVID-01,GQM-CSF-059,NIST-CSF-2.0,PR.AT-01,evidence_first,,TrainingAwarenessEvidence,"What traceable evidence demonstrates that the outcome/control 'PR.AT-01 - Personnel are provided with awareness and training so that they possess the knowledge and skills to perform general tasks with cybersecurity risks in mind' is implemented or satisfied within the declared scope, and what provenance supports that evidence?",R1_FINAL_POST_ADJUDICATION_MAPPING
GQM-CSF-059-MET-01,GQM-CSF-059,NIST-CSF-2.0,PR.AT-01,metric_specific,HF_AWARENESS,TrainingAwarenessEvidence,"For personnel or process behaviour directly relevant to PR.AT-01 - Personnel are provided with awareness and training so that they possess the knowledge and skills to perform general tasks with cybersecurity risks in mind, what observed awareness or security-culture evidence is available, and what provenance supports the observation?",R1_FINAL_POST_ADJUDICATION_MAPPING
GQM-CSF-060-EVID-01,GQM-CSF-060,NIST-CSF-2.0,PR.AT-02,evidence_first,,TrainingAwarenessEvidence,"What traceable evidence demonstrates that the outcome/control 'PR.AT-02 - Individuals in specialized roles are provided with awareness and training so that they possess the knowledge and skills to perform relevant tasks with cybersecurity risks in mind' is implemented or satisfied within the declared scope, and what provenance supports that evidence?",R1_FINAL_POST_ADJUDICATION_MAPPING
GQM-CSF-060-MET-01,GQM-CSF-060,NIST-CSF-2.0,PR.AT-02,metric_specific,HF_AWARENESS,TrainingAwarenessEvidence,"For personnel or process behaviour directly relevant to PR.AT-02 - Individuals in specialized roles are provided with awareness and training so that they possess the knowledge and skills to perform relevant tasks with cybersecurity risks in mind, what observed awareness or security-culture evidence is available, and what provenance supports the observation?",R1_FINAL_POST_ADJUDICATION_MAPPING
GQM-CSF-061-EVID-01,GQM-CSF-061,NIST-CSF-2.0,PR.DS-01,evidence_first,,PrivacyDataProtectionEvidence,"What traceable evidence demonstrates that the outcome/control 'PR.DS-01 - The confidentiality, integrity, and availability of data-at-rest are protected' is implemented or satisfied within the declared scope, and what provenance supports that evidence?",R1_FINAL_POST_ADJUDICATION_MAPPING
GQM-CSF-062-EVID-01,GQM-CSF-062,NIST-CSF-2.0,PR.DS-02,evidence_first,,PrivacyDataProtectionEvidence,"What traceable evidence demonstrates that the outcome/control 'PR.DS-02 - The confidentiality, integrity, and availability of data-in-transit are protected' is implemented or satisfied within the declared scope, and what provenance supports that evidence?",R1_FINAL_POST_ADJUDICATION_MAPPING
GQM-CSF-063-EVID-01,GQM-CSF-063,NIST-CSF-2.0,PR.DS-10,evidence_first,,PrivacyDataProtectionEvidence,"What traceable evidence demonstrates that the outcome/control 'PR.DS-10 - The confidentiality, integrity, and availability of data-in-use are protected' is implemented or satisfied within the declared scope, and what provenance supports that evidence?",R1_FINAL_POST_ADJUDICATION_MAPPING
GQM-CSF-064-EVID-01,GQM-CSF-064,NIST-CSF-2.0,PR.DS-11,evidence_first,,ContinuityResilienceEvidence,"What traceable evidence demonstrates that the outcome/control 'PR.DS-11 - Backups of data are created, protected, maintained, and tested' is implemented or satisfied within the declared scope, and what provenance supports that evidence?",R1_FINAL_POST_ADJUDICATION_MAPPING
GQM-CSF-071-EVID-01,GQM-CSF-071,NIST-CSF-2.0,PR.IR-01,evidence_first,,NetworkSecurityEvidence,"What traceable evidence demonstrates that the outcome/control 'PR.IR-01 - Networks and environments are protected from unauthorized logical access and usage' is implemented or satisfied within the declared scope, and what provenance supports that evidence?",R1_FINAL_POST_ADJUDICATION_MAPPING
GQM-CSF-072-EVID-01,GQM-CSF-072,NIST-CSF-2.0,PR.IR-02,evidence_first,,PhysicalSecurityEvidence,"What traceable evidence demonstrates that the outcome/control 'PR.IR-02 - The organization's technology assets are protected from environmental threats' is implemented or satisfied within the declared scope, and what provenance supports that evidence?",R1_FINAL_POST_ADJUDICATION_MAPPING
GQM-CSF-073-EVID-01,GQM-CSF-073,NIST-CSF-2.0,PR.IR-03,evidence_first,,ContinuityResilienceEvidence,"What traceable evidence demonstrates that the outcome/control 'PR.IR-03 - Mechanisms are implemented to achieve resilience requirements in normal and adverse situations' is implemented or satisfied within the declared scope, and what provenance supports that evidence?",R1_FINAL_POST_ADJUDICATION_MAPPING
GQM-CSF-074-EVID-01,GQM-CSF-074,NIST-CSF-2.0,PR.IR-04,evidence_first,,ContinuityResilienceEvidence,"What traceable evidence demonstrates that the outcome/control 'PR.IR-04 - Adequate resource capacity to ensure availability is maintained' is implemented or satisfied within the declared scope, and what provenance supports that evidence?",R1_FINAL_POST_ADJUDICATION_MAPPING
GQM-CSF-065-EVID-01,GQM-CSF-065,NIST-CSF-2.0,PR.PS-01,evidence_first,,PlatformConfigurationEvidence,"What traceable evidence demonstrates that the outcome/control 'PR.PS-01 - Configuration management practices are established and applied' is implemented or satisfied within the declared scope, and what provenance supports that evidence?",R1_FINAL_POST_ADJUDICATION_MAPPING
GQM-CSF-066-EVID-01,GQM-CSF-066,NIST-CSF-2.0,PR.PS-02,evidence_first,,PlatformConfigurationEvidence,"What traceable evidence demonstrates that the outcome/control 'PR.PS-02 - Software is maintained, replaced, and removed commensurate with risk' is implemented or satisfied within the declared scope, and what provenance supports that evidence?",R1_FINAL_POST_ADJUDICATION_MAPPING
GQM-CSF-067-EVID-01,GQM-CSF-067,NIST-CSF-2.0,PR.PS-03,evidence_first,,PlatformConfigurationEvidence,"What traceable evidence demonstrates that the outcome/control 'PR.PS-03 - Hardware is maintained, replaced, and removed commensurate with risk' is implemented or satisfied within the declared scope, and what provenance supports that evidence?",R1_FINAL_POST_ADJUDICATION_MAPPING
GQM-CSF-068-EVID-01,GQM-CSF-068,NIST-CSF-2.0,PR.PS-04,evidence_first,,MonitoringDetectionEvidence,"What traceable evidence demonstrates that the outcome/control 'PR.PS-04 - Log records are generated and made available for continuous monitoring' is implemented or satisfied within the declared scope, and what provenance supports that evidence?",R1_FINAL_POST_ADJUDICATION_MAPPING
GQM-CSF-068-MET-02,GQM-CSF-068,NIST-CSF-2.0,PR.PS-04,metric_specific,EP_FREQ,MonitoringDetectionEvidence,"For monitored events directly relevant to PR.PS-04 - Log records are generated and made available for continuous monitoring, what event frequency is observed over the declared measurement window, and what provenance identifies the source and window?",R1_FINAL_POST_ADJUDICATION_MAPPING
GQM-CSF-069-EVID-01,GQM-CSF-069,NIST-CSF-2.0,PR.PS-05,evidence_first,,PlatformConfigurationEvidence,"What traceable evidence demonstrates that the outcome/control 'PR.PS-05 - Installation and execution of unauthorized software are prevented' is implemented or satisfied within the declared scope, and what provenance supports that evidence?",R1_FINAL_POST_ADJUDICATION_MAPPING
GQM-CSF-070-EVID-01,GQM-CSF-070,NIST-CSF-2.0,PR.PS-06,evidence_first,,SecureDevelopmentEvidence,"What traceable evidence demonstrates that the outcome/control 'PR.PS-06 - Secure software development practices are integrated, and their performance is monitored throughout the software development life cycle' is implemented or satisfied within the declared scope, and what provenance supports that evidence?",R1_FINAL_POST_ADJUDICATION_MAPPING
GQM-CSF-105-EVID-01,GQM-CSF-105,NIST-CSF-2.0,RC.CO-03,evidence_first,,ContinuityResilienceEvidence,"What traceable evidence demonstrates that the outcome/control 'RC.CO-03 - Recovery activities and progress in restoring operational capabilities are communicated to designated internal and external stakeholders' is implemented or satisfied within the declared scope, and what provenance supports that evidence?",R1_FINAL_POST_ADJUDICATION_MAPPING
GQM-CSF-106-EVID-01,GQM-CSF-106,NIST-CSF-2.0,RC.CO-04,evidence_first,,ContinuityResilienceEvidence,"What traceable evidence demonstrates that the outcome/control 'RC.CO-04 - Public updates on incident recovery are shared using approved methods and messaging' is implemented or satisfied within the declared scope, and what provenance supports that evidence?",R1_FINAL_POST_ADJUDICATION_MAPPING
GQM-CSF-099-EVID-01,GQM-CSF-099,NIST-CSF-2.0,RC.RP-01,evidence_first,,ContinuityResilienceEvidence,"What traceable evidence demonstrates that the outcome/control 'RC.RP-01 - The recovery portion of the incident response plan is executed once initiated from the incident response process' is implemented or satisfied within the declared scope, and what provenance supports that evidence?",R1_FINAL_POST_ADJUDICATION_MAPPING
GQM-CSF-100-EVID-01,GQM-CSF-100,NIST-CSF-2.0,RC.RP-02,evidence_first,,ContinuityResilienceEvidence,"What traceable evidence demonstrates that the outcome/control 'RC.RP-02 - Recovery actions are selected, scoped, prioritized, and performed' is implemented or satisfied within the declared scope, and what provenance supports that evidence?",R1_FINAL_POST_ADJUDICATION_MAPPING
GQM-CSF-101-EVID-01,GQM-CSF-101,NIST-CSF-2.0,RC.RP-03,evidence_first,,ContinuityResilienceEvidence,"What traceable evidence demonstrates that the outcome/control 'RC.RP-03 - The integrity of backups and other restoration assets is verified before using them for restoration' is implemented or satisfied within the declared scope, and what provenance supports that evidence?",R1_FINAL_POST_ADJUDICATION_MAPPING
GQM-CSF-102-EVID-01,GQM-CSF-102,NIST-CSF-2.0,RC.RP-04,evidence_first,,ContinuityResilienceEvidence,"What traceable evidence demonstrates that the outcome/control 'RC.RP-04 - Critical mission functions and cybersecurity risk management are considered to establish post-incident operational norms' is implemented or satisfied within the declared scope, and what provenance supports that evidence?",R1_FINAL_POST_ADJUDICATION_MAPPING
GQM-CSF-102-MET-01,GQM-CSF-102,NIST-CSF-2.0,RC.RP-04,metric_specific,IL_CIA,ContinuityResilienceEvidence,"For impacts directly relevant to RC.RP-04 - Critical mission functions and cybersecurity risk management are considered to establish post-incident operational norms, what confidentiality/integrity/availability impact evidence is available, and what provenance supports the assessment?",R1_FINAL_POST_ADJUDICATION_MAPPING
GQM-CSF-103-EVID-01,GQM-CSF-103,NIST-CSF-2.0,RC.RP-05,evidence_first,,ContinuityResilienceEvidence,"What traceable evidence demonstrates that the outcome/control 'RC.RP-05 - The integrity of restored assets is verified, systems and services are restored, and normal operating status is confirmed' is implemented or satisfied within the declared scope, and what provenance supports that evidence?",R1_FINAL_POST_ADJUDICATION_MAPPING
GQM-CSF-104-EVID-01,GQM-CSF-104,NIST-CSF-2.0,RC.RP-06,evidence_first,,ContinuityResilienceEvidence,"What traceable evidence demonstrates that the outcome/control 'RC.RP-06 - The end of incident recovery is declared based on criteria, and incident-related documentation is completed' is implemented or satisfied within the declared scope, and what provenance supports that evidence?",R1_FINAL_POST_ADJUDICATION_MAPPING
GQM-CSF-091-EVID-01,GQM-CSF-091,NIST-CSF-2.0,RS.AN-03,evidence_first,,IncidentResponseEvidence,"What traceable evidence demonstrates that the outcome/control 'RS.AN-03 - Analysis is performed to establish what has taken place during an incident and the root cause of the incident' is implemented or satisfied within the declared scope, and what provenance supports that evidence?",R1_FINAL_POST_ADJUDICATION_MAPPING
GQM-CSF-092-EVID-01,GQM-CSF-092,NIST-CSF-2.0,RS.AN-06,evidence_first,,IncidentResponseEvidence,"What traceable evidence demonstrates that the outcome/control 'RS.AN-06 - Actions performed during an investigation are recorded, and the records' integrity and provenance are preserved' is implemented or satisfied within the declared scope, and what provenance supports that evidence?",R1_FINAL_POST_ADJUDICATION_MAPPING
GQM-CSF-093-EVID-01,GQM-CSF-093,NIST-CSF-2.0,RS.AN-07,evidence_first,,IncidentResponseEvidence,"What traceable evidence demonstrates that the outcome/control 'RS.AN-07 - Incident data and metadata are collected, and their integrity and provenance are preserved' is implemented or satisfied within the declared scope, and what provenance supports that evidence?",R1_FINAL_POST_ADJUDICATION_MAPPING
GQM-CSF-094-EVID-01,GQM-CSF-094,NIST-CSF-2.0,RS.AN-08,evidence_first,,IncidentResponseEvidence,"What traceable evidence demonstrates that the outcome/control 'RS.AN-08 - An incident's magnitude is estimated and validated' is implemented or satisfied within the declared scope, and what provenance supports that evidence?",R1_FINAL_POST_ADJUDICATION_MAPPING
GQM-CSF-094-MET-01,GQM-CSF-094,NIST-CSF-2.0,RS.AN-08,metric_specific,IL_CIA,IncidentResponseEvidence,"For impacts directly relevant to RS.AN-08 - An incident's magnitude is estimated and validated, what confidentiality/integrity/availability impact evidence is available, and what provenance supports the assessment?",R1_FINAL_POST_ADJUDICATION_MAPPING
GQM-CSF-095-EVID-01,GQM-CSF-095,NIST-CSF-2.0,RS.CO-02,evidence_first,,IncidentResponseEvidence,"What traceable evidence demonstrates that the outcome/control 'RS.CO-02 - Internal and external stakeholders are notified of incidents' is implemented or satisfied within the declared scope, and what provenance supports that evidence?",R1_FINAL_POST_ADJUDICATION_MAPPING
GQM-CSF-096-EVID-01,GQM-CSF-096,NIST-CSF-2.0,RS.CO-03,evidence_first,,IncidentResponseEvidence,"What traceable evidence demonstrates that the outcome/control 'RS.CO-03 - Information is shared with designated internal and external stakeholders' is implemented or satisfied within the declared scope, and what provenance supports that evidence?",R1_FINAL_POST_ADJUDICATION_MAPPING
GQM-CSF-086-EVID-01,GQM-CSF-086,NIST-CSF-2.0,RS.MA-01,evidence_first,,IncidentResponseEvidence,"What traceable evidence demonstrates that the outcome/control 'RS.MA-01 - The incident response plan is executed in coordination with relevant third parties once an incident is declared' is implemented or satisfied within the declared scope, and what provenance supports that evidence?",R1_FINAL_POST_ADJUDICATION_MAPPING
GQM-CSF-087-EVID-01,GQM-CSF-087,NIST-CSF-2.0,RS.MA-02,evidence_first,,IncidentResponseEvidence,"What traceable evidence demonstrates that the outcome/control 'RS.MA-02 - Incident reports are triaged and validated' is implemented or satisfied within the declared scope, and what provenance supports that evidence?",R1_FINAL_POST_ADJUDICATION_MAPPING
GQM-CSF-088-EVID-01,GQM-CSF-088,NIST-CSF-2.0,RS.MA-03,evidence_first,,IncidentResponseEvidence,"What traceable evidence demonstrates that the outcome/control 'RS.MA-03 - Incidents are categorized and prioritized' is implemented or satisfied within the declared scope, and what provenance supports that evidence?",R1_FINAL_POST_ADJUDICATION_MAPPING
GQM-CSF-089-EVID-01,GQM-CSF-089,NIST-CSF-2.0,RS.MA-04,evidence_first,,IncidentResponseEvidence,"What traceable evidence demonstrates that the outcome/control 'RS.MA-04 - Incidents are escalated or elevated as needed' is implemented or satisfied within the declared scope, and what provenance supports that evidence?",R1_FINAL_POST_ADJUDICATION_MAPPING
GQM-CSF-090-EVID-01,GQM-CSF-090,NIST-CSF-2.0,RS.MA-05,evidence_first,,IncidentResponseEvidence,"What traceable evidence demonstrates that the outcome/control 'RS.MA-05 - The criteria for initiating incident recovery are applied' is implemented or satisfied within the declared scope, and what provenance supports that evidence?",R1_FINAL_POST_ADJUDICATION_MAPPING
GQM-CSF-097-EVID-01,GQM-CSF-097,NIST-CSF-2.0,RS.MI-01,evidence_first,,IncidentResponseEvidence,"What traceable evidence demonstrates that the outcome/control 'RS.MI-01 - Incidents are contained' is implemented or satisfied within the declared scope, and what provenance supports that evidence?",R1_FINAL_POST_ADJUDICATION_MAPPING
GQM-CSF-098-EVID-01,GQM-CSF-098,NIST-CSF-2.0,RS.MI-02,evidence_first,,IncidentResponseEvidence,"What traceable evidence demonstrates that the outcome/control 'RS.MI-02 - Incidents are eradicated' is implemented or satisfied within the declared scope, and what provenance supports that evidence?",R1_FINAL_POST_ADJUDICATION_MAPPING
