gqm_ref,framework,standard_id,standard_title,evidence_kind,goal_statement,status
GQM-ISO-001,ISO27001:2022,A.5.1,Policies for Information Security,PolicyProcedureEvidence,"Assess whether traceable, provenance-supported evidence demonstrates the implementation or satisfaction of ISO27001:2022 A.5.1 - Policies for Information Security within the declared R1 evidence scope, while keeping quantitative measurement claims limited to metrics with a direct semantic role.",R1_FINAL_POST_ADJUDICATION_MAPPING
GQM-ISO-010,ISO27001:2022,A.5.10,Acceptable Use of Information and Other Associated Assets,PolicyProcedureEvidence,"Assess whether traceable, provenance-supported evidence demonstrates the implementation or satisfaction of ISO27001:2022 A.5.10 - Acceptable Use of Information and Other Associated Assets within the declared R1 evidence scope, while keeping quantitative measurement claims limited to metrics with a direct semantic role.",R1_FINAL_POST_ADJUDICATION_MAPPING
GQM-ISO-011,ISO27001:2022,A.5.11,Return of Assets,AssetInventoryEvidence,"Assess whether traceable, provenance-supported evidence demonstrates the implementation or satisfaction of ISO27001:2022 A.5.11 - Return of Assets within the declared R1 evidence scope, while keeping quantitative measurement claims limited to metrics with a direct semantic role.",R1_FINAL_POST_ADJUDICATION_MAPPING
GQM-ISO-012,ISO27001:2022,A.5.12,Classification of Information,PrivacyDataProtectionEvidence,"Assess whether traceable, provenance-supported evidence demonstrates the implementation or satisfaction of ISO27001:2022 A.5.12 - Classification of Information within the declared R1 evidence scope, while keeping quantitative measurement claims limited to metrics with a direct semantic role.",R1_FINAL_POST_ADJUDICATION_MAPPING
GQM-ISO-013,ISO27001:2022,A.5.13,Labelling of Information,PrivacyDataProtectionEvidence,"Assess whether traceable, provenance-supported evidence demonstrates the implementation or satisfaction of ISO27001:2022 A.5.13 - Labelling of Information within the declared R1 evidence scope, while keeping quantitative measurement claims limited to metrics with a direct semantic role.",R1_FINAL_POST_ADJUDICATION_MAPPING
GQM-ISO-014,ISO27001:2022,A.5.14,Information Transfer,PrivacyDataProtectionEvidence,"Assess whether traceable, provenance-supported evidence demonstrates the implementation or satisfaction of ISO27001:2022 A.5.14 - Information Transfer within the declared R1 evidence scope, while keeping quantitative measurement claims limited to metrics with a direct semantic role.",R1_FINAL_POST_ADJUDICATION_MAPPING
GQM-ISO-015,ISO27001:2022,A.5.15,Access Control,IdentityAccessEvidence,"Assess whether traceable, provenance-supported evidence demonstrates the implementation or satisfaction of ISO27001:2022 A.5.15 - Access Control within the declared R1 evidence scope, while keeping quantitative measurement claims limited to metrics with a direct semantic role.",R1_FINAL_POST_ADJUDICATION_MAPPING
GQM-ISO-016,ISO27001:2022,A.5.16,Identity Management,IdentityAccessEvidence,"Assess whether traceable, provenance-supported evidence demonstrates the implementation or satisfaction of ISO27001:2022 A.5.16 - Identity Management within the declared R1 evidence scope, while keeping quantitative measurement claims limited to metrics with a direct semantic role.",R1_FINAL_POST_ADJUDICATION_MAPPING
GQM-ISO-017,ISO27001:2022,A.5.17,Authentication Information,IdentityAccessEvidence,"Assess whether traceable, provenance-supported evidence demonstrates the implementation or satisfaction of ISO27001:2022 A.5.17 - Authentication Information within the declared R1 evidence scope, while keeping quantitative measurement claims limited to metrics with a direct semantic role.",R1_FINAL_POST_ADJUDICATION_MAPPING
GQM-ISO-018,ISO27001:2022,A.5.18,Access Rights,IdentityAccessEvidence,"Assess whether traceable, provenance-supported evidence demonstrates the implementation or satisfaction of ISO27001:2022 A.5.18 - Access Rights within the declared R1 evidence scope, while keeping quantitative measurement claims limited to metrics with a direct semantic role.",R1_FINAL_POST_ADJUDICATION_MAPPING
GQM-ISO-019,ISO27001:2022,A.5.19,Information Security in Supplier Relationships,SupplierThirdPartyEvidence,"Assess whether traceable, provenance-supported evidence demonstrates the implementation or satisfaction of ISO27001:2022 A.5.19 - Information Security in Supplier Relationships within the declared R1 evidence scope, while keeping quantitative measurement claims limited to metrics with a direct semantic role.",R1_FINAL_POST_ADJUDICATION_MAPPING
GQM-ISO-002,ISO27001:2022,A.5.2,Information Security Roles and Responsibilities,GovernanceDecisionEvidence,"Assess whether traceable, provenance-supported evidence demonstrates the implementation or satisfaction of ISO27001:2022 A.5.2 - Information Security Roles and Responsibilities within the declared R1 evidence scope, while keeping quantitative measurement claims limited to metrics with a direct semantic role.",R1_FINAL_POST_ADJUDICATION_MAPPING
GQM-ISO-020,ISO27001:2022,A.5.20,Addressing Information Security Within Supplier Agreements,SupplierThirdPartyEvidence,"Assess whether traceable, provenance-supported evidence demonstrates the implementation or satisfaction of ISO27001:2022 A.5.20 - Addressing Information Security Within Supplier Agreements within the declared R1 evidence scope, while keeping quantitative measurement claims limited to metrics with a direct semantic role.",R1_FINAL_POST_ADJUDICATION_MAPPING
GQM-ISO-021,ISO27001:2022,A.5.21,Managing Information Security in the ICT Supply Chain,SupplierThirdPartyEvidence,"Assess whether traceable, provenance-supported evidence demonstrates the implementation or satisfaction of ISO27001:2022 A.5.21 - Managing Information Security in the ICT Supply Chain within the declared R1 evidence scope, while keeping quantitative measurement claims limited to metrics with a direct semantic role.",R1_FINAL_POST_ADJUDICATION_MAPPING
GQM-ISO-022,ISO27001:2022,A.5.22,"Monitoring, Review and Change Management of Supplier Services",SupplierThirdPartyEvidence,"Assess whether traceable, provenance-supported evidence demonstrates the implementation or satisfaction of ISO27001:2022 A.5.22 - Monitoring, Review and Change Management of Supplier Services within the declared R1 evidence scope, while keeping quantitative measurement claims limited to metrics with a direct semantic role.",R1_FINAL_POST_ADJUDICATION_MAPPING
GQM-ISO-023,ISO27001:2022,A.5.23,Information Security for Use of Cloud Services,SupplierThirdPartyEvidence,"Assess whether traceable, provenance-supported evidence demonstrates the implementation or satisfaction of ISO27001:2022 A.5.23 - Information Security for Use of Cloud Services within the declared R1 evidence scope, while keeping quantitative measurement claims limited to metrics with a direct semantic role.",R1_FINAL_POST_ADJUDICATION_MAPPING
GQM-ISO-024,ISO27001:2022,A.5.24,Information Security Incident Management Planning and Preparation,IncidentResponseEvidence,"Assess whether traceable, provenance-supported evidence demonstrates the implementation or satisfaction of ISO27001:2022 A.5.24 - Information Security Incident Management Planning and Preparation within the declared R1 evidence scope, while keeping quantitative measurement claims limited to metrics with a direct semantic role.",R1_FINAL_POST_ADJUDICATION_MAPPING
GQM-ISO-025,ISO27001:2022,A.5.25,Assessment and Decision on Information Security Events,IncidentResponseEvidence,"Assess whether traceable, provenance-supported evidence demonstrates the implementation or satisfaction of ISO27001:2022 A.5.25 - Assessment and Decision on Information Security Events within the declared R1 evidence scope, while keeping quantitative measurement claims limited to metrics with a direct semantic role.",R1_FINAL_POST_ADJUDICATION_MAPPING
GQM-ISO-026,ISO27001:2022,A.5.26,Response to Information Security Incidents,IncidentResponseEvidence,"Assess whether traceable, provenance-supported evidence demonstrates the implementation or satisfaction of ISO27001:2022 A.5.26 - Response to Information Security Incidents within the declared R1 evidence scope, while keeping quantitative measurement claims limited to metrics with a direct semantic role.",R1_FINAL_POST_ADJUDICATION_MAPPING
GQM-ISO-027,ISO27001:2022,A.5.27,Learning From Information Security Incidents,IncidentResponseEvidence,"Assess whether traceable, provenance-supported evidence demonstrates the implementation or satisfaction of ISO27001:2022 A.5.27 - Learning From Information Security Incidents within the declared R1 evidence scope, while keeping quantitative measurement claims limited to metrics with a direct semantic role.",R1_FINAL_POST_ADJUDICATION_MAPPING
GQM-ISO-028,ISO27001:2022,A.5.28,Collection of Evidence,IncidentResponseEvidence,"Assess whether traceable, provenance-supported evidence demonstrates the implementation or satisfaction of ISO27001:2022 A.5.28 - Collection of Evidence within the declared R1 evidence scope, while keeping quantitative measurement claims limited to metrics with a direct semantic role.",R1_FINAL_POST_ADJUDICATION_MAPPING
GQM-ISO-029,ISO27001:2022,A.5.29,Information Security During Disruption,ContinuityResilienceEvidence,"Assess whether traceable, provenance-supported evidence demonstrates the implementation or satisfaction of ISO27001:2022 A.5.29 - Information Security During Disruption within the declared R1 evidence scope, while keeping quantitative measurement claims limited to metrics with a direct semantic role.",R1_FINAL_POST_ADJUDICATION_MAPPING
GQM-ISO-003,ISO27001:2022,A.5.3,Segregation of Duties,IdentityAccessEvidence,"Assess whether traceable, provenance-supported evidence demonstrates the implementation or satisfaction of ISO27001:2022 A.5.3 - Segregation of Duties within the declared R1 evidence scope, while keeping quantitative measurement claims limited to metrics with a direct semantic role.",R1_FINAL_POST_ADJUDICATION_MAPPING
GQM-ISO-030,ISO27001:2022,A.5.30,ICT Readiness for Business Continuity,ContinuityResilienceEvidence,"Assess whether traceable, provenance-supported evidence demonstrates the implementation or satisfaction of ISO27001:2022 A.5.30 - ICT Readiness for Business Continuity within the declared R1 evidence scope, while keeping quantitative measurement claims limited to metrics with a direct semantic role.",R1_FINAL_POST_ADJUDICATION_MAPPING
GQM-ISO-031,ISO27001:2022,A.5.31,"Legal, Statutory, Regulatory and Contractual Requirements",ComplianceAuditEvidence,"Assess whether traceable, provenance-supported evidence demonstrates the implementation or satisfaction of ISO27001:2022 A.5.31 - Legal, Statutory, Regulatory and Contractual Requirements within the declared R1 evidence scope, while keeping quantitative measurement claims limited to metrics with a direct semantic role.",R1_FINAL_POST_ADJUDICATION_MAPPING
GQM-ISO-032,ISO27001:2022,A.5.32,Intellectual Property Rights,ComplianceAuditEvidence,"Assess whether traceable, provenance-supported evidence demonstrates the implementation or satisfaction of ISO27001:2022 A.5.32 - Intellectual Property Rights within the declared R1 evidence scope, while keeping quantitative measurement claims limited to metrics with a direct semantic role.",R1_FINAL_POST_ADJUDICATION_MAPPING
GQM-ISO-033,ISO27001:2022,A.5.33,Protection of Records,PrivacyDataProtectionEvidence,"Assess whether traceable, provenance-supported evidence demonstrates the implementation or satisfaction of ISO27001:2022 A.5.33 - Protection of Records within the declared R1 evidence scope, while keeping quantitative measurement claims limited to metrics with a direct semantic role.",R1_FINAL_POST_ADJUDICATION_MAPPING
GQM-ISO-034,ISO27001:2022,A.5.34,Privacy and Protection of PII,PrivacyDataProtectionEvidence,"Assess whether traceable, provenance-supported evidence demonstrates the implementation or satisfaction of ISO27001:2022 A.5.34 - Privacy and Protection of PII within the declared R1 evidence scope, while keeping quantitative measurement claims limited to metrics with a direct semantic role.",R1_FINAL_POST_ADJUDICATION_MAPPING
GQM-ISO-035,ISO27001:2022,A.5.35,Independent Review of Information Security,ComplianceAuditEvidence,"Assess whether traceable, provenance-supported evidence demonstrates the implementation or satisfaction of ISO27001:2022 A.5.35 - Independent Review of Information Security within the declared R1 evidence scope, while keeping quantitative measurement claims limited to metrics with a direct semantic role.",R1_FINAL_POST_ADJUDICATION_MAPPING
GQM-ISO-036,ISO27001:2022,A.5.36,"Compliance With Policies, Rules and Standards for Information Security",ComplianceAuditEvidence,"Assess whether traceable, provenance-supported evidence demonstrates the implementation or satisfaction of ISO27001:2022 A.5.36 - Compliance With Policies, Rules and Standards for Information Security within the declared R1 evidence scope, while keeping quantitative measurement claims limited to metrics with a direct semantic role.",R1_FINAL_POST_ADJUDICATION_MAPPING
GQM-ISO-037,ISO27001:2022,A.5.37,Documented Operating Procedures,PolicyProcedureEvidence,"Assess whether traceable, provenance-supported evidence demonstrates the implementation or satisfaction of ISO27001:2022 A.5.37 - Documented Operating Procedures within the declared R1 evidence scope, while keeping quantitative measurement claims limited to metrics with a direct semantic role.",R1_FINAL_POST_ADJUDICATION_MAPPING
GQM-ISO-004,ISO27001:2022,A.5.4,Management Responsibilities,GovernanceDecisionEvidence,"Assess whether traceable, provenance-supported evidence demonstrates the implementation or satisfaction of ISO27001:2022 A.5.4 - Management Responsibilities within the declared R1 evidence scope, while keeping quantitative measurement claims limited to metrics with a direct semantic role.",R1_FINAL_POST_ADJUDICATION_MAPPING
GQM-ISO-005,ISO27001:2022,A.5.5,Contact With Authorities,GovernanceDecisionEvidence,"Assess whether traceable, provenance-supported evidence demonstrates the implementation or satisfaction of ISO27001:2022 A.5.5 - Contact With Authorities within the declared R1 evidence scope, while keeping quantitative measurement claims limited to metrics with a direct semantic role.",R1_FINAL_POST_ADJUDICATION_MAPPING
GQM-ISO-006,ISO27001:2022,A.5.6,Contact With Special Interest Groups,GovernanceDecisionEvidence,"Assess whether traceable, provenance-supported evidence demonstrates the implementation or satisfaction of ISO27001:2022 A.5.6 - Contact With Special Interest Groups within the declared R1 evidence scope, while keeping quantitative measurement claims limited to metrics with a direct semantic role.",R1_FINAL_POST_ADJUDICATION_MAPPING
GQM-ISO-007,ISO27001:2022,A.5.7,Threat Intelligence,RiskAssessmentEvidence,"Assess whether traceable, provenance-supported evidence demonstrates the implementation or satisfaction of ISO27001:2022 A.5.7 - Threat Intelligence within the declared R1 evidence scope, while keeping quantitative measurement claims limited to metrics with a direct semantic role.",R1_FINAL_POST_ADJUDICATION_MAPPING
GQM-ISO-008,ISO27001:2022,A.5.8,Information Security in Project Management,GovernanceDecisionEvidence,"Assess whether traceable, provenance-supported evidence demonstrates the implementation or satisfaction of ISO27001:2022 A.5.8 - Information Security in Project Management within the declared R1 evidence scope, while keeping quantitative measurement claims limited to metrics with a direct semantic role.",R1_FINAL_POST_ADJUDICATION_MAPPING
GQM-ISO-009,ISO27001:2022,A.5.9,Inventory of Information and Other Associated Assets,AssetInventoryEvidence,"Assess whether traceable, provenance-supported evidence demonstrates the implementation or satisfaction of ISO27001:2022 A.5.9 - Inventory of Information and Other Associated Assets within the declared R1 evidence scope, while keeping quantitative measurement claims limited to metrics with a direct semantic role.",R1_FINAL_POST_ADJUDICATION_MAPPING
GQM-ISO-038,ISO27001:2022,A.6.1,Screening,PersonnelSecurityEvidence,"Assess whether traceable, provenance-supported evidence demonstrates the implementation or satisfaction of ISO27001:2022 A.6.1 - Screening within the declared R1 evidence scope, while keeping quantitative measurement claims limited to metrics with a direct semantic role.",R1_FINAL_POST_ADJUDICATION_MAPPING
GQM-ISO-039,ISO27001:2022,A.6.2,Terms and Conditions of Employment,PersonnelSecurityEvidence,"Assess whether traceable, provenance-supported evidence demonstrates the implementation or satisfaction of ISO27001:2022 A.6.2 - Terms and Conditions of Employment within the declared R1 evidence scope, while keeping quantitative measurement claims limited to metrics with a direct semantic role.",R1_FINAL_POST_ADJUDICATION_MAPPING
GQM-ISO-040,ISO27001:2022,A.6.3,"Information Security Awareness, Education and Training",TrainingAwarenessEvidence,"Assess whether traceable, provenance-supported evidence demonstrates the implementation or satisfaction of ISO27001:2022 A.6.3 - Information Security Awareness, Education and Training within the declared R1 evidence scope, while keeping quantitative measurement claims limited to metrics with a direct semantic role.",R1_FINAL_POST_ADJUDICATION_MAPPING
GQM-ISO-041,ISO27001:2022,A.6.4,Disciplinary Process,PersonnelSecurityEvidence,"Assess whether traceable, provenance-supported evidence demonstrates the implementation or satisfaction of ISO27001:2022 A.6.4 - Disciplinary Process within the declared R1 evidence scope, while keeping quantitative measurement claims limited to metrics with a direct semantic role.",R1_FINAL_POST_ADJUDICATION_MAPPING
GQM-ISO-042,ISO27001:2022,A.6.5,Responsibilities After Termination or Change of Employment,PersonnelSecurityEvidence,"Assess whether traceable, provenance-supported evidence demonstrates the implementation or satisfaction of ISO27001:2022 A.6.5 - Responsibilities After Termination or Change of Employment within the declared R1 evidence scope, while keeping quantitative measurement claims limited to metrics with a direct semantic role.",R1_FINAL_POST_ADJUDICATION_MAPPING
GQM-ISO-043,ISO27001:2022,A.6.6,Confidentiality or Non-Disclosure Agreements,PersonnelSecurityEvidence,"Assess whether traceable, provenance-supported evidence demonstrates the implementation or satisfaction of ISO27001:2022 A.6.6 - Confidentiality or Non-Disclosure Agreements within the declared R1 evidence scope, while keeping quantitative measurement claims limited to metrics with a direct semantic role.",R1_FINAL_POST_ADJUDICATION_MAPPING
GQM-ISO-044,ISO27001:2022,A.6.7,Remote Working,PersonnelSecurityEvidence,"Assess whether traceable, provenance-supported evidence demonstrates the implementation or satisfaction of ISO27001:2022 A.6.7 - Remote Working within the declared R1 evidence scope, while keeping quantitative measurement claims limited to metrics with a direct semantic role.",R1_FINAL_POST_ADJUDICATION_MAPPING
GQM-ISO-045,ISO27001:2022,A.6.8,Information Security Event Reporting,IncidentResponseEvidence,"Assess whether traceable, provenance-supported evidence demonstrates the implementation or satisfaction of ISO27001:2022 A.6.8 - Information Security Event Reporting within the declared R1 evidence scope, while keeping quantitative measurement claims limited to metrics with a direct semantic role.",R1_FINAL_POST_ADJUDICATION_MAPPING
GQM-ISO-046,ISO27001:2022,A.7.1,Physical Security Perimeters,PhysicalSecurityEvidence,"Assess whether traceable, provenance-supported evidence demonstrates the implementation or satisfaction of ISO27001:2022 A.7.1 - Physical Security Perimeters within the declared R1 evidence scope, while keeping quantitative measurement claims limited to metrics with a direct semantic role.",R1_FINAL_POST_ADJUDICATION_MAPPING
GQM-ISO-055,ISO27001:2022,A.7.10,Storage Media,PrivacyDataProtectionEvidence,"Assess whether traceable, provenance-supported evidence demonstrates the implementation or satisfaction of ISO27001:2022 A.7.10 - Storage Media within the declared R1 evidence scope, while keeping quantitative measurement claims limited to metrics with a direct semantic role.",R1_FINAL_POST_ADJUDICATION_MAPPING
GQM-ISO-056,ISO27001:2022,A.7.11,Supporting Utilities,ContinuityResilienceEvidence,"Assess whether traceable, provenance-supported evidence demonstrates the implementation or satisfaction of ISO27001:2022 A.7.11 - Supporting Utilities within the declared R1 evidence scope, while keeping quantitative measurement claims limited to metrics with a direct semantic role.",R1_FINAL_POST_ADJUDICATION_MAPPING
GQM-ISO-057,ISO27001:2022,A.7.12,Cabling Security,PhysicalSecurityEvidence,"Assess whether traceable, provenance-supported evidence demonstrates the implementation or satisfaction of ISO27001:2022 A.7.12 - Cabling Security within the declared R1 evidence scope, while keeping quantitative measurement claims limited to metrics with a direct semantic role.",R1_FINAL_POST_ADJUDICATION_MAPPING
GQM-ISO-058,ISO27001:2022,A.7.13,Equipment Maintenance,PhysicalSecurityEvidence,"Assess whether traceable, provenance-supported evidence demonstrates the implementation or satisfaction of ISO27001:2022 A.7.13 - Equipment Maintenance within the declared R1 evidence scope, while keeping quantitative measurement claims limited to metrics with a direct semantic role.",R1_FINAL_POST_ADJUDICATION_MAPPING
GQM-ISO-059,ISO27001:2022,A.7.14,Secure Disposal or Re-Use of Equipment,AssetInventoryEvidence,"Assess whether traceable, provenance-supported evidence demonstrates the implementation or satisfaction of ISO27001:2022 A.7.14 - Secure Disposal or Re-Use of Equipment within the declared R1 evidence scope, while keeping quantitative measurement claims limited to metrics with a direct semantic role.",R1_FINAL_POST_ADJUDICATION_MAPPING
GQM-ISO-047,ISO27001:2022,A.7.2,Physical Entry,PhysicalSecurityEvidence,"Assess whether traceable, provenance-supported evidence demonstrates the implementation or satisfaction of ISO27001:2022 A.7.2 - Physical Entry within the declared R1 evidence scope, while keeping quantitative measurement claims limited to metrics with a direct semantic role.",R1_FINAL_POST_ADJUDICATION_MAPPING
GQM-ISO-048,ISO27001:2022,A.7.3,"Securing Offices, Rooms and Facilities",PhysicalSecurityEvidence,"Assess whether traceable, provenance-supported evidence demonstrates the implementation or satisfaction of ISO27001:2022 A.7.3 - Securing Offices, Rooms and Facilities within the declared R1 evidence scope, while keeping quantitative measurement claims limited to metrics with a direct semantic role.",R1_FINAL_POST_ADJUDICATION_MAPPING
GQM-ISO-049,ISO27001:2022,A.7.4,Physical Security Monitoring,PhysicalSecurityEvidence,"Assess whether traceable, provenance-supported evidence demonstrates the implementation or satisfaction of ISO27001:2022 A.7.4 - Physical Security Monitoring within the declared R1 evidence scope, while keeping quantitative measurement claims limited to metrics with a direct semantic role.",R1_FINAL_POST_ADJUDICATION_MAPPING
GQM-ISO-050,ISO27001:2022,A.7.5,Protecting Against Physical and Environmental Threats,PhysicalSecurityEvidence,"Assess whether traceable, provenance-supported evidence demonstrates the implementation or satisfaction of ISO27001:2022 A.7.5 - Protecting Against Physical and Environmental Threats within the declared R1 evidence scope, while keeping quantitative measurement claims limited to metrics with a direct semantic role.",R1_FINAL_POST_ADJUDICATION_MAPPING
GQM-ISO-051,ISO27001:2022,A.7.6,Working In Secure Areas,PhysicalSecurityEvidence,"Assess whether traceable, provenance-supported evidence demonstrates the implementation or satisfaction of ISO27001:2022 A.7.6 - Working In Secure Areas within the declared R1 evidence scope, while keeping quantitative measurement claims limited to metrics with a direct semantic role.",R1_FINAL_POST_ADJUDICATION_MAPPING
GQM-ISO-052,ISO27001:2022,A.7.7,Clear Desk and Clear Screen,PhysicalSecurityEvidence,"Assess whether traceable, provenance-supported evidence demonstrates the implementation or satisfaction of ISO27001:2022 A.7.7 - Clear Desk and Clear Screen within the declared R1 evidence scope, while keeping quantitative measurement claims limited to metrics with a direct semantic role.",R1_FINAL_POST_ADJUDICATION_MAPPING
GQM-ISO-053,ISO27001:2022,A.7.8,Equipment Siting and Protection,PhysicalSecurityEvidence,"Assess whether traceable, provenance-supported evidence demonstrates the implementation or satisfaction of ISO27001:2022 A.7.8 - Equipment Siting and Protection within the declared R1 evidence scope, while keeping quantitative measurement claims limited to metrics with a direct semantic role.",R1_FINAL_POST_ADJUDICATION_MAPPING
GQM-ISO-054,ISO27001:2022,A.7.9,Security of Assets Off-Premises,PhysicalSecurityEvidence,"Assess whether traceable, provenance-supported evidence demonstrates the implementation or satisfaction of ISO27001:2022 A.7.9 - Security of Assets Off-Premises within the declared R1 evidence scope, while keeping quantitative measurement claims limited to metrics with a direct semantic role.",R1_FINAL_POST_ADJUDICATION_MAPPING
GQM-ISO-060,ISO27001:2022,A.8.1,User Endpoint Devices,PlatformConfigurationEvidence,"Assess whether traceable, provenance-supported evidence demonstrates the implementation or satisfaction of ISO27001:2022 A.8.1 - User Endpoint Devices within the declared R1 evidence scope, while keeping quantitative measurement claims limited to metrics with a direct semantic role.",R1_FINAL_POST_ADJUDICATION_MAPPING
GQM-ISO-069,ISO27001:2022,A.8.10,Information Deletion,PrivacyDataProtectionEvidence,"Assess whether traceable, provenance-supported evidence demonstrates the implementation or satisfaction of ISO27001:2022 A.8.10 - Information Deletion within the declared R1 evidence scope, while keeping quantitative measurement claims limited to metrics with a direct semantic role.",R1_FINAL_POST_ADJUDICATION_MAPPING
GQM-ISO-070,ISO27001:2022,A.8.11,Data Masking,PrivacyDataProtectionEvidence,"Assess whether traceable, provenance-supported evidence demonstrates the implementation or satisfaction of ISO27001:2022 A.8.11 - Data Masking within the declared R1 evidence scope, while keeping quantitative measurement claims limited to metrics with a direct semantic role.",R1_FINAL_POST_ADJUDICATION_MAPPING
GQM-ISO-071,ISO27001:2022,A.8.12,Data Leakage Prevention,PrivacyDataProtectionEvidence,"Assess whether traceable, provenance-supported evidence demonstrates the implementation or satisfaction of ISO27001:2022 A.8.12 - Data Leakage Prevention within the declared R1 evidence scope, while keeping quantitative measurement claims limited to metrics with a direct semantic role.",R1_FINAL_POST_ADJUDICATION_MAPPING
GQM-ISO-072,ISO27001:2022,A.8.13,Information Backup,ContinuityResilienceEvidence,"Assess whether traceable, provenance-supported evidence demonstrates the implementation or satisfaction of ISO27001:2022 A.8.13 - Information Backup within the declared R1 evidence scope, while keeping quantitative measurement claims limited to metrics with a direct semantic role.",R1_FINAL_POST_ADJUDICATION_MAPPING
GQM-ISO-073,ISO27001:2022,A.8.14,Redundancy of Information Processing Facilities,ContinuityResilienceEvidence,"Assess whether traceable, provenance-supported evidence demonstrates the implementation or satisfaction of ISO27001:2022 A.8.14 - Redundancy of Information Processing Facilities within the declared R1 evidence scope, while keeping quantitative measurement claims limited to metrics with a direct semantic role.",R1_FINAL_POST_ADJUDICATION_MAPPING
GQM-ISO-074,ISO27001:2022,A.8.15,Logging,MonitoringDetectionEvidence,"Assess whether traceable, provenance-supported evidence demonstrates the implementation or satisfaction of ISO27001:2022 A.8.15 - Logging within the declared R1 evidence scope, while keeping quantitative measurement claims limited to metrics with a direct semantic role.",R1_FINAL_POST_ADJUDICATION_MAPPING
GQM-ISO-075,ISO27001:2022,A.8.16,Monitoring Activities,MonitoringDetectionEvidence,"Assess whether traceable, provenance-supported evidence demonstrates the implementation or satisfaction of ISO27001:2022 A.8.16 - Monitoring Activities within the declared R1 evidence scope, while keeping quantitative measurement claims limited to metrics with a direct semantic role.",R1_FINAL_POST_ADJUDICATION_MAPPING
GQM-ISO-076,ISO27001:2022,A.8.17,Clock Synchronization,PlatformConfigurationEvidence,"Assess whether traceable, provenance-supported evidence demonstrates the implementation or satisfaction of ISO27001:2022 A.8.17 - Clock Synchronization within the declared R1 evidence scope, while keeping quantitative measurement claims limited to metrics with a direct semantic role.",R1_FINAL_POST_ADJUDICATION_MAPPING
GQM-ISO-077,ISO27001:2022,A.8.18,Use of Privileged Utility Programs,IdentityAccessEvidence,"Assess whether traceable, provenance-supported evidence demonstrates the implementation or satisfaction of ISO27001:2022 A.8.18 - Use of Privileged Utility Programs within the declared R1 evidence scope, while keeping quantitative measurement claims limited to metrics with a direct semantic role.",R1_FINAL_POST_ADJUDICATION_MAPPING
GQM-ISO-078,ISO27001:2022,A.8.19,Installation of Software on Operational Systems,PlatformConfigurationEvidence,"Assess whether traceable, provenance-supported evidence demonstrates the implementation or satisfaction of ISO27001:2022 A.8.19 - Installation of Software on Operational Systems within the declared R1 evidence scope, while keeping quantitative measurement claims limited to metrics with a direct semantic role.",R1_FINAL_POST_ADJUDICATION_MAPPING
GQM-ISO-061,ISO27001:2022,A.8.2,Privileged Access Rights,IdentityAccessEvidence,"Assess whether traceable, provenance-supported evidence demonstrates the implementation or satisfaction of ISO27001:2022 A.8.2 - Privileged Access Rights within the declared R1 evidence scope, while keeping quantitative measurement claims limited to metrics with a direct semantic role.",R1_FINAL_POST_ADJUDICATION_MAPPING
GQM-ISO-079,ISO27001:2022,A.8.20,Network Security,NetworkSecurityEvidence,"Assess whether traceable, provenance-supported evidence demonstrates the implementation or satisfaction of ISO27001:2022 A.8.20 - Network Security within the declared R1 evidence scope, while keeping quantitative measurement claims limited to metrics with a direct semantic role.",R1_FINAL_POST_ADJUDICATION_MAPPING
GQM-ISO-080,ISO27001:2022,A.8.21,Security of Network Services,NetworkSecurityEvidence,"Assess whether traceable, provenance-supported evidence demonstrates the implementation or satisfaction of ISO27001:2022 A.8.21 - Security of Network Services within the declared R1 evidence scope, while keeping quantitative measurement claims limited to metrics with a direct semantic role.",R1_FINAL_POST_ADJUDICATION_MAPPING
GQM-ISO-081,ISO27001:2022,A.8.22,Segregation of Networks,NetworkSecurityEvidence,"Assess whether traceable, provenance-supported evidence demonstrates the implementation or satisfaction of ISO27001:2022 A.8.22 - Segregation of Networks within the declared R1 evidence scope, while keeping quantitative measurement claims limited to metrics with a direct semantic role.",R1_FINAL_POST_ADJUDICATION_MAPPING
GQM-ISO-082,ISO27001:2022,A.8.23,Web Filtering,NetworkSecurityEvidence,"Assess whether traceable, provenance-supported evidence demonstrates the implementation or satisfaction of ISO27001:2022 A.8.23 - Web Filtering within the declared R1 evidence scope, while keeping quantitative measurement claims limited to metrics with a direct semantic role.",R1_FINAL_POST_ADJUDICATION_MAPPING
GQM-ISO-083,ISO27001:2022,A.8.24,Use of Cryptography,PrivacyDataProtectionEvidence,"Assess whether traceable, provenance-supported evidence demonstrates the implementation or satisfaction of ISO27001:2022 A.8.24 - Use of Cryptography within the declared R1 evidence scope, while keeping quantitative measurement claims limited to metrics with a direct semantic role.",R1_FINAL_POST_ADJUDICATION_MAPPING
GQM-ISO-084,ISO27001:2022,A.8.25,Secure Development Life Cycle,SecureDevelopmentEvidence,"Assess whether traceable, provenance-supported evidence demonstrates the implementation or satisfaction of ISO27001:2022 A.8.25 - Secure Development Life Cycle within the declared R1 evidence scope, while keeping quantitative measurement claims limited to metrics with a direct semantic role.",R1_FINAL_POST_ADJUDICATION_MAPPING
GQM-ISO-085,ISO27001:2022,A.8.26,Application Security Requirements,SecureDevelopmentEvidence,"Assess whether traceable, provenance-supported evidence demonstrates the implementation or satisfaction of ISO27001:2022 A.8.26 - Application Security Requirements within the declared R1 evidence scope, while keeping quantitative measurement claims limited to metrics with a direct semantic role.",R1_FINAL_POST_ADJUDICATION_MAPPING
GQM-ISO-086,ISO27001:2022,A.8.27,Secure System Architecture and Engineering Principles,SecureDevelopmentEvidence,"Assess whether traceable, provenance-supported evidence demonstrates the implementation or satisfaction of ISO27001:2022 A.8.27 - Secure System Architecture and Engineering Principles within the declared R1 evidence scope, while keeping quantitative measurement claims limited to metrics with a direct semantic role.",R1_FINAL_POST_ADJUDICATION_MAPPING
GQM-ISO-087,ISO27001:2022,A.8.28,Secure Coding,SecureDevelopmentEvidence,"Assess whether traceable, provenance-supported evidence demonstrates the implementation or satisfaction of ISO27001:2022 A.8.28 - Secure Coding within the declared R1 evidence scope, while keeping quantitative measurement claims limited to metrics with a direct semantic role.",R1_FINAL_POST_ADJUDICATION_MAPPING
GQM-ISO-088,ISO27001:2022,A.8.29,Security Testing in Development and Acceptance,SecureDevelopmentEvidence,"Assess whether traceable, provenance-supported evidence demonstrates the implementation or satisfaction of ISO27001:2022 A.8.29 - Security Testing in Development and Acceptance within the declared R1 evidence scope, while keeping quantitative measurement claims limited to metrics with a direct semantic role.",R1_FINAL_POST_ADJUDICATION_MAPPING
GQM-ISO-062,ISO27001:2022,A.8.3,Information Access Restriction,IdentityAccessEvidence,"Assess whether traceable, provenance-supported evidence demonstrates the implementation or satisfaction of ISO27001:2022 A.8.3 - Information Access Restriction within the declared R1 evidence scope, while keeping quantitative measurement claims limited to metrics with a direct semantic role.",R1_FINAL_POST_ADJUDICATION_MAPPING
GQM-ISO-089,ISO27001:2022,A.8.30,Outsourced Development,SecureDevelopmentEvidence,"Assess whether traceable, provenance-supported evidence demonstrates the implementation or satisfaction of ISO27001:2022 A.8.30 - Outsourced Development within the declared R1 evidence scope, while keeping quantitative measurement claims limited to metrics with a direct semantic role.",R1_FINAL_POST_ADJUDICATION_MAPPING
GQM-ISO-090,ISO27001:2022,A.8.31,"Separation of Development, Test and Production Environments",SecureDevelopmentEvidence,"Assess whether traceable, provenance-supported evidence demonstrates the implementation or satisfaction of ISO27001:2022 A.8.31 - Separation of Development, Test and Production Environments within the declared R1 evidence scope, while keeping quantitative measurement claims limited to metrics with a direct semantic role.",R1_FINAL_POST_ADJUDICATION_MAPPING
GQM-ISO-091,ISO27001:2022,A.8.32,Change Management,PlatformConfigurationEvidence,"Assess whether traceable, provenance-supported evidence demonstrates the implementation or satisfaction of ISO27001:2022 A.8.32 - Change Management within the declared R1 evidence scope, while keeping quantitative measurement claims limited to metrics with a direct semantic role.",R1_FINAL_POST_ADJUDICATION_MAPPING
GQM-ISO-092,ISO27001:2022,A.8.33,Test Information,PrivacyDataProtectionEvidence,"Assess whether traceable, provenance-supported evidence demonstrates the implementation or satisfaction of ISO27001:2022 A.8.33 - Test Information within the declared R1 evidence scope, while keeping quantitative measurement claims limited to metrics with a direct semantic role.",R1_FINAL_POST_ADJUDICATION_MAPPING
GQM-ISO-093,ISO27001:2022,A.8.34,Protection of Information Systems During Audit Testing,ComplianceAuditEvidence,"Assess whether traceable, provenance-supported evidence demonstrates the implementation or satisfaction of ISO27001:2022 A.8.34 - Protection of Information Systems During Audit Testing within the declared R1 evidence scope, while keeping quantitative measurement claims limited to metrics with a direct semantic role.",R1_FINAL_POST_ADJUDICATION_MAPPING
GQM-ISO-063,ISO27001:2022,A.8.4,Access to Source Code,IdentityAccessEvidence,"Assess whether traceable, provenance-supported evidence demonstrates the implementation or satisfaction of ISO27001:2022 A.8.4 - Access to Source Code within the declared R1 evidence scope, while keeping quantitative measurement claims limited to metrics with a direct semantic role.",R1_FINAL_POST_ADJUDICATION_MAPPING
GQM-ISO-064,ISO27001:2022,A.8.5,Secure Authentication,IdentityAccessEvidence,"Assess whether traceable, provenance-supported evidence demonstrates the implementation or satisfaction of ISO27001:2022 A.8.5 - Secure Authentication within the declared R1 evidence scope, while keeping quantitative measurement claims limited to metrics with a direct semantic role.",R1_FINAL_POST_ADJUDICATION_MAPPING
GQM-ISO-065,ISO27001:2022,A.8.6,Capacity Management,ContinuityResilienceEvidence,"Assess whether traceable, provenance-supported evidence demonstrates the implementation or satisfaction of ISO27001:2022 A.8.6 - Capacity Management within the declared R1 evidence scope, while keeping quantitative measurement claims limited to metrics with a direct semantic role.",R1_FINAL_POST_ADJUDICATION_MAPPING
GQM-ISO-066,ISO27001:2022,A.8.7,Protection Against Malware,PlatformConfigurationEvidence,"Assess whether traceable, provenance-supported evidence demonstrates the implementation or satisfaction of ISO27001:2022 A.8.7 - Protection Against Malware within the declared R1 evidence scope, while keeping quantitative measurement claims limited to metrics with a direct semantic role.",R1_FINAL_POST_ADJUDICATION_MAPPING
GQM-ISO-067,ISO27001:2022,A.8.8,Management of Technical Vulnerabilities,RiskAssessmentEvidence,"Assess whether traceable, provenance-supported evidence demonstrates the implementation or satisfaction of ISO27001:2022 A.8.8 - Management of Technical Vulnerabilities within the declared R1 evidence scope, while keeping quantitative measurement claims limited to metrics with a direct semantic role.",R1_FINAL_POST_ADJUDICATION_MAPPING
GQM-ISO-068,ISO27001:2022,A.8.9,Configuration Management,PlatformConfigurationEvidence,"Assess whether traceable, provenance-supported evidence demonstrates the implementation or satisfaction of ISO27001:2022 A.8.9 - Configuration Management within the declared R1 evidence scope, while keeping quantitative measurement claims limited to metrics with a direct semantic role.",R1_FINAL_POST_ADJUDICATION_MAPPING
GQM-CSF-080,NIST-CSF-2.0,DE.AE-02,Potentially adverse events are analyzed to better understand associated activities,MonitoringDetectionEvidence,"Assess whether traceable, provenance-supported evidence demonstrates the implementation or satisfaction of NIST-CSF-2.0 DE.AE-02 - Potentially adverse events are analyzed to better understand associated activities within the declared R1 evidence scope, while keeping quantitative measurement claims limited to metrics with a direct semantic role.",R1_FINAL_POST_ADJUDICATION_MAPPING
GQM-CSF-081,NIST-CSF-2.0,DE.AE-03,Information is correlated from multiple sources,MonitoringDetectionEvidence,"Assess whether traceable, provenance-supported evidence demonstrates the implementation or satisfaction of NIST-CSF-2.0 DE.AE-03 - Information is correlated from multiple sources within the declared R1 evidence scope, while keeping quantitative measurement claims limited to metrics with a direct semantic role.",R1_FINAL_POST_ADJUDICATION_MAPPING
GQM-CSF-082,NIST-CSF-2.0,DE.AE-04,The estimated impact and scope of adverse events are understood,MonitoringDetectionEvidence,"Assess whether traceable, provenance-supported evidence demonstrates the implementation or satisfaction of NIST-CSF-2.0 DE.AE-04 - The estimated impact and scope of adverse events are understood within the declared R1 evidence scope, while keeping quantitative measurement claims limited to metrics with a direct semantic role.",R1_FINAL_POST_ADJUDICATION_MAPPING
GQM-CSF-083,NIST-CSF-2.0,DE.AE-06,Information on adverse events is provided to authorized staff and tools,MonitoringDetectionEvidence,"Assess whether traceable, provenance-supported evidence demonstrates the implementation or satisfaction of NIST-CSF-2.0 DE.AE-06 - Information on adverse events is provided to authorized staff and tools within the declared R1 evidence scope, while keeping quantitative measurement claims limited to metrics with a direct semantic role.",R1_FINAL_POST_ADJUDICATION_MAPPING
GQM-CSF-084,NIST-CSF-2.0,DE.AE-07,Cyber threat intelligence and other contextual information are integrated into the analysis,MonitoringDetectionEvidence,"Assess whether traceable, provenance-supported evidence demonstrates the implementation or satisfaction of NIST-CSF-2.0 DE.AE-07 - Cyber threat intelligence and other contextual information are integrated into the analysis within the declared R1 evidence scope, while keeping quantitative measurement claims limited to metrics with a direct semantic role.",R1_FINAL_POST_ADJUDICATION_MAPPING
GQM-CSF-085,NIST-CSF-2.0,DE.AE-08,Incidents are declared when adverse events meet the defined incident criteria,IncidentResponseEvidence,"Assess whether traceable, provenance-supported evidence demonstrates the implementation or satisfaction of NIST-CSF-2.0 DE.AE-08 - Incidents are declared when adverse events meet the defined incident criteria within the declared R1 evidence scope, while keeping quantitative measurement claims limited to metrics with a direct semantic role.",R1_FINAL_POST_ADJUDICATION_MAPPING
GQM-CSF-075,NIST-CSF-2.0,DE.CM-01,Networks and network services are monitored to find potentially adverse events,MonitoringDetectionEvidence,"Assess whether traceable, provenance-supported evidence demonstrates the implementation or satisfaction of NIST-CSF-2.0 DE.CM-01 - Networks and network services are monitored to find potentially adverse events within the declared R1 evidence scope, while keeping quantitative measurement claims limited to metrics with a direct semantic role.",R1_FINAL_POST_ADJUDICATION_MAPPING
GQM-CSF-076,NIST-CSF-2.0,DE.CM-02,The physical environment is monitored to find potentially adverse events,MonitoringDetectionEvidence,"Assess whether traceable, provenance-supported evidence demonstrates the implementation or satisfaction of NIST-CSF-2.0 DE.CM-02 - The physical environment is monitored to find potentially adverse events within the declared R1 evidence scope, while keeping quantitative measurement claims limited to metrics with a direct semantic role.",R1_FINAL_POST_ADJUDICATION_MAPPING
GQM-CSF-077,NIST-CSF-2.0,DE.CM-03,Personnel activity and technology usage are monitored to find potentially adverse events,MonitoringDetectionEvidence,"Assess whether traceable, provenance-supported evidence demonstrates the implementation or satisfaction of NIST-CSF-2.0 DE.CM-03 - Personnel activity and technology usage are monitored to find potentially adverse events within the declared R1 evidence scope, while keeping quantitative measurement claims limited to metrics with a direct semantic role.",R1_FINAL_POST_ADJUDICATION_MAPPING
GQM-CSF-078,NIST-CSF-2.0,DE.CM-06,External service provider activities and services are monitored to find potentially adverse events,MonitoringDetectionEvidence,"Assess whether traceable, provenance-supported evidence demonstrates the implementation or satisfaction of NIST-CSF-2.0 DE.CM-06 - External service provider activities and services are monitored to find potentially adverse events within the declared R1 evidence scope, while keeping quantitative measurement claims limited to metrics with a direct semantic role.",R1_FINAL_POST_ADJUDICATION_MAPPING
GQM-CSF-079,NIST-CSF-2.0,DE.CM-09,"Computing hardware and software, runtime environments, and their data are monitored to find potentially adverse events",MonitoringDetectionEvidence,"Assess whether traceable, provenance-supported evidence demonstrates the implementation or satisfaction of NIST-CSF-2.0 DE.CM-09 - Computing hardware and software, runtime environments, and their data are monitored to find potentially adverse events within the declared R1 evidence scope, while keeping quantitative measurement claims limited to metrics with a direct semantic role.",R1_FINAL_POST_ADJUDICATION_MAPPING
GQM-CSF-001,NIST-CSF-2.0,GV.OC-01,The organizational mission is understood and informs cybersecurity risk management,GovernanceDecisionEvidence,"Assess whether traceable, provenance-supported evidence demonstrates the implementation or satisfaction of NIST-CSF-2.0 GV.OC-01 - The organizational mission is understood and informs cybersecurity risk management within the declared R1 evidence scope, while keeping quantitative measurement claims limited to metrics with a direct semantic role.",R1_FINAL_POST_ADJUDICATION_MAPPING
GQM-CSF-002,NIST-CSF-2.0,GV.OC-02,"Internal and external stakeholders are understood, and their needs and expectations regarding cybersecurity risk management are understood and considered",GovernanceDecisionEvidence,"Assess whether traceable, provenance-supported evidence demonstrates the implementation or satisfaction of NIST-CSF-2.0 GV.OC-02 - Internal and external stakeholders are understood, and their needs and expectations regarding cybersecurity risk management are understood and considered within the declared R1 evidence scope, while keeping quantitative measurement claims limited to metrics with a direct semantic role.",R1_FINAL_POST_ADJUDICATION_MAPPING
GQM-CSF-003,NIST-CSF-2.0,GV.OC-03,"Legal, regulatory, and contractual requirements regarding cybersecurity - including privacy and civil liberties obligations - are understood and managed",GovernanceDecisionEvidence,"Assess whether traceable, provenance-supported evidence demonstrates the implementation or satisfaction of NIST-CSF-2.0 GV.OC-03 - Legal, regulatory, and contractual requirements regarding cybersecurity - including privacy and civil liberties obligations - are understood and managed within the declared R1 evidence scope, while keeping quantitative measurement claims limited to metrics with a direct semantic role.",R1_FINAL_POST_ADJUDICATION_MAPPING
GQM-CSF-004,NIST-CSF-2.0,GV.OC-04,"Critical objectives, capabilities, and services that external stakeholders depend on or expect from the organization are understood and communicated",GovernanceDecisionEvidence,"Assess whether traceable, provenance-supported evidence demonstrates the implementation or satisfaction of NIST-CSF-2.0 GV.OC-04 - Critical objectives, capabilities, and services that external stakeholders depend on or expect from the organization are understood and communicated within the declared R1 evidence scope, while keeping quantitative measurement claims limited to metrics with a direct semantic role.",R1_FINAL_POST_ADJUDICATION_MAPPING
GQM-CSF-005,NIST-CSF-2.0,GV.OC-05,"Outcomes, capabilities, and services that the organization depends on are understood and communicated",GovernanceDecisionEvidence,"Assess whether traceable, provenance-supported evidence demonstrates the implementation or satisfaction of NIST-CSF-2.0 GV.OC-05 - Outcomes, capabilities, and services that the organization depends on are understood and communicated within the declared R1 evidence scope, while keeping quantitative measurement claims limited to metrics with a direct semantic role.",R1_FINAL_POST_ADJUDICATION_MAPPING
GQM-CSF-019,NIST-CSF-2.0,GV.OV-01,Cybersecurity risk management strategy outcomes are reviewed to inform and adjust strategy and direction,ComplianceAuditEvidence,"Assess whether traceable, provenance-supported evidence demonstrates the implementation or satisfaction of NIST-CSF-2.0 GV.OV-01 - Cybersecurity risk management strategy outcomes are reviewed to inform and adjust strategy and direction within the declared R1 evidence scope, while keeping quantitative measurement claims limited to metrics with a direct semantic role.",R1_FINAL_POST_ADJUDICATION_MAPPING
GQM-CSF-020,NIST-CSF-2.0,GV.OV-02,The cybersecurity risk management strategy is reviewed and adjusted to ensure coverage of organizational requirements and risks,ComplianceAuditEvidence,"Assess whether traceable, provenance-supported evidence demonstrates the implementation or satisfaction of NIST-CSF-2.0 GV.OV-02 - The cybersecurity risk management strategy is reviewed and adjusted to ensure coverage of organizational requirements and risks within the declared R1 evidence scope, while keeping quantitative measurement claims limited to metrics with a direct semantic role.",R1_FINAL_POST_ADJUDICATION_MAPPING
GQM-CSF-021,NIST-CSF-2.0,GV.OV-03,Organizational cybersecurity risk management performance is evaluated and reviewed for adjustments needed,ComplianceAuditEvidence,"Assess whether traceable, provenance-supported evidence demonstrates the implementation or satisfaction of NIST-CSF-2.0 GV.OV-03 - Organizational cybersecurity risk management performance is evaluated and reviewed for adjustments needed within the declared R1 evidence scope, while keeping quantitative measurement claims limited to metrics with a direct semantic role.",R1_FINAL_POST_ADJUDICATION_MAPPING
GQM-CSF-017,NIST-CSF-2.0,GV.PO-01,"Policy for managing cybersecurity risks is established based on organizational context, cybersecurity strategy, and priorities and is communicated and enforced",PolicyProcedureEvidence,"Assess whether traceable, provenance-supported evidence demonstrates the implementation or satisfaction of NIST-CSF-2.0 GV.PO-01 - Policy for managing cybersecurity risks is established based on organizational context, cybersecurity strategy, and priorities and is communicated and enforced within the declared R1 evidence scope, while keeping quantitative measurement claims limited to metrics with a direct semantic role.",R1_FINAL_POST_ADJUDICATION_MAPPING
GQM-CSF-018,NIST-CSF-2.0,GV.PO-02,"Policy for managing cybersecurity risks is reviewed, updated, communicated, and enforced to reflect changes in requirements, threats, technology, and organizational mission",PolicyProcedureEvidence,"Assess whether traceable, provenance-supported evidence demonstrates the implementation or satisfaction of NIST-CSF-2.0 GV.PO-02 - Policy for managing cybersecurity risks is reviewed, updated, communicated, and enforced to reflect changes in requirements, threats, technology, and organizational mission within the declared R1 evidence scope, while keeping quantitative measurement claims limited to metrics with a direct semantic role.",R1_FINAL_POST_ADJUDICATION_MAPPING
GQM-CSF-006,NIST-CSF-2.0,GV.RM-01,Risk management objectives are established and agreed to by organizational stakeholders,RiskAssessmentEvidence,"Assess whether traceable, provenance-supported evidence demonstrates the implementation or satisfaction of NIST-CSF-2.0 GV.RM-01 - Risk management objectives are established and agreed to by organizational stakeholders within the declared R1 evidence scope, while keeping quantitative measurement claims limited to metrics with a direct semantic role.",R1_FINAL_POST_ADJUDICATION_MAPPING
GQM-CSF-007,NIST-CSF-2.0,GV.RM-02,"Risk appetite and risk tolerance statements are established, communicated, and maintained",RiskAssessmentEvidence,"Assess whether traceable, provenance-supported evidence demonstrates the implementation or satisfaction of NIST-CSF-2.0 GV.RM-02 - Risk appetite and risk tolerance statements are established, communicated, and maintained within the declared R1 evidence scope, while keeping quantitative measurement claims limited to metrics with a direct semantic role.",R1_FINAL_POST_ADJUDICATION_MAPPING
GQM-CSF-008,NIST-CSF-2.0,GV.RM-03,Cybersecurity risk management activities and outcomes are included in enterprise risk management processes,RiskAssessmentEvidence,"Assess whether traceable, provenance-supported evidence demonstrates the implementation or satisfaction of NIST-CSF-2.0 GV.RM-03 - Cybersecurity risk management activities and outcomes are included in enterprise risk management processes within the declared R1 evidence scope, while keeping quantitative measurement claims limited to metrics with a direct semantic role.",R1_FINAL_POST_ADJUDICATION_MAPPING
GQM-CSF-009,NIST-CSF-2.0,GV.RM-04,Strategic direction that describes appropriate risk response options is established and communicated,RiskAssessmentEvidence,"Assess whether traceable, provenance-supported evidence demonstrates the implementation or satisfaction of NIST-CSF-2.0 GV.RM-04 - Strategic direction that describes appropriate risk response options is established and communicated within the declared R1 evidence scope, while keeping quantitative measurement claims limited to metrics with a direct semantic role.",R1_FINAL_POST_ADJUDICATION_MAPPING
GQM-CSF-010,NIST-CSF-2.0,GV.RM-05,"Lines of communication across the organization are established for cybersecurity risks, including risks from suppliers and other third parties",RiskAssessmentEvidence,"Assess whether traceable, provenance-supported evidence demonstrates the implementation or satisfaction of NIST-CSF-2.0 GV.RM-05 - Lines of communication across the organization are established for cybersecurity risks, including risks from suppliers and other third parties within the declared R1 evidence scope, while keeping quantitative measurement claims limited to metrics with a direct semantic role.",R1_FINAL_POST_ADJUDICATION_MAPPING
GQM-CSF-011,NIST-CSF-2.0,GV.RM-06,"A standardized method for calculating, documenting, categorizing, and prioritizing cybersecurity risks is established and communicated",RiskAssessmentEvidence,"Assess whether traceable, provenance-supported evidence demonstrates the implementation or satisfaction of NIST-CSF-2.0 GV.RM-06 - A standardized method for calculating, documenting, categorizing, and prioritizing cybersecurity risks is established and communicated within the declared R1 evidence scope, while keeping quantitative measurement claims limited to metrics with a direct semantic role.",R1_FINAL_POST_ADJUDICATION_MAPPING
GQM-CSF-012,NIST-CSF-2.0,GV.RM-07,"Strategic opportunities (i.e., positive risks) are characterized and are included in organizational cybersecurity risk discussions",RiskAssessmentEvidence,"Assess whether traceable, provenance-supported evidence demonstrates the implementation or satisfaction of NIST-CSF-2.0 GV.RM-07 - Strategic opportunities (i.e., positive risks) are characterized and are included in organizational cybersecurity risk discussions within the declared R1 evidence scope, while keeping quantitative measurement claims limited to metrics with a direct semantic role.",R1_FINAL_POST_ADJUDICATION_MAPPING
GQM-CSF-013,NIST-CSF-2.0,GV.RR-01,"Organizational leadership is responsible and accountable for cybersecurity risk and fosters a culture that is risk-aware, ethical, and continually improving",GovernanceDecisionEvidence,"Assess whether traceable, provenance-supported evidence demonstrates the implementation or satisfaction of NIST-CSF-2.0 GV.RR-01 - Organizational leadership is responsible and accountable for cybersecurity risk and fosters a culture that is risk-aware, ethical, and continually improving within the declared R1 evidence scope, while keeping quantitative measurement claims limited to metrics with a direct semantic role.",R1_FINAL_POST_ADJUDICATION_MAPPING
GQM-CSF-014,NIST-CSF-2.0,GV.RR-02,"Roles, responsibilities, and authorities related to cybersecurity risk management are established, communicated, understood, and enforced",GovernanceDecisionEvidence,"Assess whether traceable, provenance-supported evidence demonstrates the implementation or satisfaction of NIST-CSF-2.0 GV.RR-02 - Roles, responsibilities, and authorities related to cybersecurity risk management are established, communicated, understood, and enforced within the declared R1 evidence scope, while keeping quantitative measurement claims limited to metrics with a direct semantic role.",R1_FINAL_POST_ADJUDICATION_MAPPING
GQM-CSF-015,NIST-CSF-2.0,GV.RR-03,"Adequate resources are allocated commensurate with the cybersecurity risk strategy, roles, responsibilities, and policies",GovernanceDecisionEvidence,"Assess whether traceable, provenance-supported evidence demonstrates the implementation or satisfaction of NIST-CSF-2.0 GV.RR-03 - Adequate resources are allocated commensurate with the cybersecurity risk strategy, roles, responsibilities, and policies within the declared R1 evidence scope, while keeping quantitative measurement claims limited to metrics with a direct semantic role.",R1_FINAL_POST_ADJUDICATION_MAPPING
GQM-CSF-016,NIST-CSF-2.0,GV.RR-04,Cybersecurity is included in human resources practices,PersonnelSecurityEvidence,"Assess whether traceable, provenance-supported evidence demonstrates the implementation or satisfaction of NIST-CSF-2.0 GV.RR-04 - Cybersecurity is included in human resources practices within the declared R1 evidence scope, while keeping quantitative measurement claims limited to metrics with a direct semantic role.",R1_FINAL_POST_ADJUDICATION_MAPPING
GQM-CSF-022,NIST-CSF-2.0,GV.SC-01,"A cybersecurity supply chain risk management program, strategy, objectives, policies, and processes are established and agreed to by organizational stakeholders",SupplierThirdPartyEvidence,"Assess whether traceable, provenance-supported evidence demonstrates the implementation or satisfaction of NIST-CSF-2.0 GV.SC-01 - A cybersecurity supply chain risk management program, strategy, objectives, policies, and processes are established and agreed to by organizational stakeholders within the declared R1 evidence scope, while keeping quantitative measurement claims limited to metrics with a direct semantic role.",R1_FINAL_POST_ADJUDICATION_MAPPING
GQM-CSF-023,NIST-CSF-2.0,GV.SC-02,"Cybersecurity roles and responsibilities for suppliers, customers, and partners are established, communicated, and coordinated internally and externally",SupplierThirdPartyEvidence,"Assess whether traceable, provenance-supported evidence demonstrates the implementation or satisfaction of NIST-CSF-2.0 GV.SC-02 - Cybersecurity roles and responsibilities for suppliers, customers, and partners are established, communicated, and coordinated internally and externally within the declared R1 evidence scope, while keeping quantitative measurement claims limited to metrics with a direct semantic role.",R1_FINAL_POST_ADJUDICATION_MAPPING
GQM-CSF-024,NIST-CSF-2.0,GV.SC-03,"Cybersecurity supply chain risk management is integrated into cybersecurity and enterprise risk management, risk assessment, and improvement processes",SupplierThirdPartyEvidence,"Assess whether traceable, provenance-supported evidence demonstrates the implementation or satisfaction of NIST-CSF-2.0 GV.SC-03 - Cybersecurity supply chain risk management is integrated into cybersecurity and enterprise risk management, risk assessment, and improvement processes within the declared R1 evidence scope, while keeping quantitative measurement claims limited to metrics with a direct semantic role.",R1_FINAL_POST_ADJUDICATION_MAPPING
GQM-CSF-025,NIST-CSF-2.0,GV.SC-04,Suppliers are known and prioritized by criticality,SupplierThirdPartyEvidence,"Assess whether traceable, provenance-supported evidence demonstrates the implementation or satisfaction of NIST-CSF-2.0 GV.SC-04 - Suppliers are known and prioritized by criticality within the declared R1 evidence scope, while keeping quantitative measurement claims limited to metrics with a direct semantic role.",R1_FINAL_POST_ADJUDICATION_MAPPING
GQM-CSF-026,NIST-CSF-2.0,GV.SC-05,"Requirements to address cybersecurity risks in supply chains are established, prioritized, and integrated into contracts and other types of agreements with suppliers and other relevant third parties",SupplierThirdPartyEvidence,"Assess whether traceable, provenance-supported evidence demonstrates the implementation or satisfaction of NIST-CSF-2.0 GV.SC-05 - Requirements to address cybersecurity risks in supply chains are established, prioritized, and integrated into contracts and other types of agreements with suppliers and other relevant third parties within the declared R1 evidence scope, while keeping quantitative measurement claims limited to metrics with a direct semantic role.",R1_FINAL_POST_ADJUDICATION_MAPPING
GQM-CSF-027,NIST-CSF-2.0,GV.SC-06,Planning and due diligence are performed to reduce risks before entering into formal supplier or other third-party relationships,SupplierThirdPartyEvidence,"Assess whether traceable, provenance-supported evidence demonstrates the implementation or satisfaction of NIST-CSF-2.0 GV.SC-06 - Planning and due diligence are performed to reduce risks before entering into formal supplier or other third-party relationships within the declared R1 evidence scope, while keeping quantitative measurement claims limited to metrics with a direct semantic role.",R1_FINAL_POST_ADJUDICATION_MAPPING
GQM-CSF-028,NIST-CSF-2.0,GV.SC-07,"The risks posed by a supplier, their products and services, and other third parties are understood, recorded, prioritized, assessed, responded to, and monitored over the course of the relationship",SupplierThirdPartyEvidence,"Assess whether traceable, provenance-supported evidence demonstrates the implementation or satisfaction of NIST-CSF-2.0 GV.SC-07 - The risks posed by a supplier, their products and services, and other third parties are understood, recorded, prioritized, assessed, responded to, and monitored over the course of the relationship within the declared R1 evidence scope, while keeping quantitative measurement claims limited to metrics with a direct semantic role.",R1_FINAL_POST_ADJUDICATION_MAPPING
GQM-CSF-029,NIST-CSF-2.0,GV.SC-08,"Relevant suppliers and other third parties are included in incident planning, response, and recovery activities",SupplierThirdPartyEvidence,"Assess whether traceable, provenance-supported evidence demonstrates the implementation or satisfaction of NIST-CSF-2.0 GV.SC-08 - Relevant suppliers and other third parties are included in incident planning, response, and recovery activities within the declared R1 evidence scope, while keeping quantitative measurement claims limited to metrics with a direct semantic role.",R1_FINAL_POST_ADJUDICATION_MAPPING
GQM-CSF-030,NIST-CSF-2.0,GV.SC-09,"Supply chain security practices are integrated into cybersecurity and enterprise risk management programs, and their performance is monitored throughout the technology product and service life cycle",SupplierThirdPartyEvidence,"Assess whether traceable, provenance-supported evidence demonstrates the implementation or satisfaction of NIST-CSF-2.0 GV.SC-09 - Supply chain security practices are integrated into cybersecurity and enterprise risk management programs, and their performance is monitored throughout the technology product and service life cycle within the declared R1 evidence scope, while keeping quantitative measurement claims limited to metrics with a direct semantic role.",R1_FINAL_POST_ADJUDICATION_MAPPING
GQM-CSF-031,NIST-CSF-2.0,GV.SC-10,Cybersecurity supply chain risk management plans include provisions for activities that occur after the conclusion of a partnership or service agreement,SupplierThirdPartyEvidence,"Assess whether traceable, provenance-supported evidence demonstrates the implementation or satisfaction of NIST-CSF-2.0 GV.SC-10 - Cybersecurity supply chain risk management plans include provisions for activities that occur after the conclusion of a partnership or service agreement within the declared R1 evidence scope, while keeping quantitative measurement claims limited to metrics with a direct semantic role.",R1_FINAL_POST_ADJUDICATION_MAPPING
GQM-CSF-032,NIST-CSF-2.0,ID.AM-01,Inventories of hardware managed by the organization are maintained,AssetInventoryEvidence,"Assess whether traceable, provenance-supported evidence demonstrates the implementation or satisfaction of NIST-CSF-2.0 ID.AM-01 - Inventories of hardware managed by the organization are maintained within the declared R1 evidence scope, while keeping quantitative measurement claims limited to metrics with a direct semantic role.",R1_FINAL_POST_ADJUDICATION_MAPPING
GQM-CSF-033,NIST-CSF-2.0,ID.AM-02,"Inventories of software, services, and systems managed by the organization are maintained",AssetInventoryEvidence,"Assess whether traceable, provenance-supported evidence demonstrates the implementation or satisfaction of NIST-CSF-2.0 ID.AM-02 - Inventories of software, services, and systems managed by the organization are maintained within the declared R1 evidence scope, while keeping quantitative measurement claims limited to metrics with a direct semantic role.",R1_FINAL_POST_ADJUDICATION_MAPPING
GQM-CSF-034,NIST-CSF-2.0,ID.AM-03,Representations of the organization's authorized network communication and internal and external network data flows are maintained,AssetInventoryEvidence,"Assess whether traceable, provenance-supported evidence demonstrates the implementation or satisfaction of NIST-CSF-2.0 ID.AM-03 - Representations of the organization's authorized network communication and internal and external network data flows are maintained within the declared R1 evidence scope, while keeping quantitative measurement claims limited to metrics with a direct semantic role.",R1_FINAL_POST_ADJUDICATION_MAPPING
GQM-CSF-035,NIST-CSF-2.0,ID.AM-04,Inventories of services provided by suppliers are maintained,AssetInventoryEvidence,"Assess whether traceable, provenance-supported evidence demonstrates the implementation or satisfaction of NIST-CSF-2.0 ID.AM-04 - Inventories of services provided by suppliers are maintained within the declared R1 evidence scope, while keeping quantitative measurement claims limited to metrics with a direct semantic role.",R1_FINAL_POST_ADJUDICATION_MAPPING
GQM-CSF-036,NIST-CSF-2.0,ID.AM-05,"Assets are prioritized based on classification, criticality, resources, and impact on the mission",AssetInventoryEvidence,"Assess whether traceable, provenance-supported evidence demonstrates the implementation or satisfaction of NIST-CSF-2.0 ID.AM-05 - Assets are prioritized based on classification, criticality, resources, and impact on the mission within the declared R1 evidence scope, while keeping quantitative measurement claims limited to metrics with a direct semantic role.",R1_FINAL_POST_ADJUDICATION_MAPPING
GQM-CSF-037,NIST-CSF-2.0,ID.AM-07,Inventories of data and corresponding metadata for designated data types are maintained,AssetInventoryEvidence,"Assess whether traceable, provenance-supported evidence demonstrates the implementation or satisfaction of NIST-CSF-2.0 ID.AM-07 - Inventories of data and corresponding metadata for designated data types are maintained within the declared R1 evidence scope, while keeping quantitative measurement claims limited to metrics with a direct semantic role.",R1_FINAL_POST_ADJUDICATION_MAPPING
GQM-CSF-038,NIST-CSF-2.0,ID.AM-08,"Systems, hardware, software, services, and data are managed throughout their life cycles",AssetInventoryEvidence,"Assess whether traceable, provenance-supported evidence demonstrates the implementation or satisfaction of NIST-CSF-2.0 ID.AM-08 - Systems, hardware, software, services, and data are managed throughout their life cycles within the declared R1 evidence scope, while keeping quantitative measurement claims limited to metrics with a direct semantic role.",R1_FINAL_POST_ADJUDICATION_MAPPING
GQM-CSF-049,NIST-CSF-2.0,ID.IM-01,Improvements are identified from evaluations,ComplianceAuditEvidence,"Assess whether traceable, provenance-supported evidence demonstrates the implementation or satisfaction of NIST-CSF-2.0 ID.IM-01 - Improvements are identified from evaluations within the declared R1 evidence scope, while keeping quantitative measurement claims limited to metrics with a direct semantic role.",R1_FINAL_POST_ADJUDICATION_MAPPING
GQM-CSF-050,NIST-CSF-2.0,ID.IM-02,"Improvements are identified from security tests and exercises, including those done in coordination with suppliers and relevant third parties",ComplianceAuditEvidence,"Assess whether traceable, provenance-supported evidence demonstrates the implementation or satisfaction of NIST-CSF-2.0 ID.IM-02 - Improvements are identified from security tests and exercises, including those done in coordination with suppliers and relevant third parties within the declared R1 evidence scope, while keeping quantitative measurement claims limited to metrics with a direct semantic role.",R1_FINAL_POST_ADJUDICATION_MAPPING
GQM-CSF-051,NIST-CSF-2.0,ID.IM-03,"Improvements are identified from execution of operational processes, procedures, and activities",ComplianceAuditEvidence,"Assess whether traceable, provenance-supported evidence demonstrates the implementation or satisfaction of NIST-CSF-2.0 ID.IM-03 - Improvements are identified from execution of operational processes, procedures, and activities within the declared R1 evidence scope, while keeping quantitative measurement claims limited to metrics with a direct semantic role.",R1_FINAL_POST_ADJUDICATION_MAPPING
GQM-CSF-052,NIST-CSF-2.0,ID.IM-04,"Incident response plans and other cybersecurity plans that affect operations are established, communicated, maintained, and improved",IncidentResponseEvidence,"Assess whether traceable, provenance-supported evidence demonstrates the implementation or satisfaction of NIST-CSF-2.0 ID.IM-04 - Incident response plans and other cybersecurity plans that affect operations are established, communicated, maintained, and improved within the declared R1 evidence scope, while keeping quantitative measurement claims limited to metrics with a direct semantic role.",R1_FINAL_POST_ADJUDICATION_MAPPING
GQM-CSF-039,NIST-CSF-2.0,ID.RA-01,"Vulnerabilities in assets are identified, validated, and recorded",RiskAssessmentEvidence,"Assess whether traceable, provenance-supported evidence demonstrates the implementation or satisfaction of NIST-CSF-2.0 ID.RA-01 - Vulnerabilities in assets are identified, validated, and recorded within the declared R1 evidence scope, while keeping quantitative measurement claims limited to metrics with a direct semantic role.",R1_FINAL_POST_ADJUDICATION_MAPPING
GQM-CSF-040,NIST-CSF-2.0,ID.RA-02,Cyber threat intelligence is received from information sharing forums and sources,RiskAssessmentEvidence,"Assess whether traceable, provenance-supported evidence demonstrates the implementation or satisfaction of NIST-CSF-2.0 ID.RA-02 - Cyber threat intelligence is received from information sharing forums and sources within the declared R1 evidence scope, while keeping quantitative measurement claims limited to metrics with a direct semantic role.",R1_FINAL_POST_ADJUDICATION_MAPPING
GQM-CSF-041,NIST-CSF-2.0,ID.RA-03,Internal and external threats to the organization are identified and recorded,RiskAssessmentEvidence,"Assess whether traceable, provenance-supported evidence demonstrates the implementation or satisfaction of NIST-CSF-2.0 ID.RA-03 - Internal and external threats to the organization are identified and recorded within the declared R1 evidence scope, while keeping quantitative measurement claims limited to metrics with a direct semantic role.",R1_FINAL_POST_ADJUDICATION_MAPPING
GQM-CSF-042,NIST-CSF-2.0,ID.RA-04,Potential impacts and likelihoods of threats exploiting vulnerabilities are identified and recorded,RiskAssessmentEvidence,"Assess whether traceable, provenance-supported evidence demonstrates the implementation or satisfaction of NIST-CSF-2.0 ID.RA-04 - Potential impacts and likelihoods of threats exploiting vulnerabilities are identified and recorded within the declared R1 evidence scope, while keeping quantitative measurement claims limited to metrics with a direct semantic role.",R1_FINAL_POST_ADJUDICATION_MAPPING
GQM-CSF-043,NIST-CSF-2.0,ID.RA-05,"Threats, vulnerabilities, likelihoods, and impacts are used to understand inherent risk and inform risk response prioritization",RiskAssessmentEvidence,"Assess whether traceable, provenance-supported evidence demonstrates the implementation or satisfaction of NIST-CSF-2.0 ID.RA-05 - Threats, vulnerabilities, likelihoods, and impacts are used to understand inherent risk and inform risk response prioritization within the declared R1 evidence scope, while keeping quantitative measurement claims limited to metrics with a direct semantic role.",R1_FINAL_POST_ADJUDICATION_MAPPING
GQM-CSF-044,NIST-CSF-2.0,ID.RA-06,"Risk responses are chosen, prioritized, planned, tracked, and communicated",RiskAssessmentEvidence,"Assess whether traceable, provenance-supported evidence demonstrates the implementation or satisfaction of NIST-CSF-2.0 ID.RA-06 - Risk responses are chosen, prioritized, planned, tracked, and communicated within the declared R1 evidence scope, while keeping quantitative measurement claims limited to metrics with a direct semantic role.",R1_FINAL_POST_ADJUDICATION_MAPPING
GQM-CSF-045,NIST-CSF-2.0,ID.RA-07,"Changes and exceptions are managed, assessed for risk impact, recorded, and tracked",RiskAssessmentEvidence,"Assess whether traceable, provenance-supported evidence demonstrates the implementation or satisfaction of NIST-CSF-2.0 ID.RA-07 - Changes and exceptions are managed, assessed for risk impact, recorded, and tracked within the declared R1 evidence scope, while keeping quantitative measurement claims limited to metrics with a direct semantic role.",R1_FINAL_POST_ADJUDICATION_MAPPING
GQM-CSF-046,NIST-CSF-2.0,ID.RA-08,"Processes for receiving, analyzing, and responding to vulnerability disclosures are established",RiskAssessmentEvidence,"Assess whether traceable, provenance-supported evidence demonstrates the implementation or satisfaction of NIST-CSF-2.0 ID.RA-08 - Processes for receiving, analyzing, and responding to vulnerability disclosures are established within the declared R1 evidence scope, while keeping quantitative measurement claims limited to metrics with a direct semantic role.",R1_FINAL_POST_ADJUDICATION_MAPPING
GQM-CSF-047,NIST-CSF-2.0,ID.RA-09,The authenticity and integrity of hardware and software are assessed prior to acquisition and use,PlatformConfigurationEvidence,"Assess whether traceable, provenance-supported evidence demonstrates the implementation or satisfaction of NIST-CSF-2.0 ID.RA-09 - The authenticity and integrity of hardware and software are assessed prior to acquisition and use within the declared R1 evidence scope, while keeping quantitative measurement claims limited to metrics with a direct semantic role.",R1_FINAL_POST_ADJUDICATION_MAPPING
GQM-CSF-048,NIST-CSF-2.0,ID.RA-10,Critical suppliers are assessed prior to acquisition,SupplierThirdPartyEvidence,"Assess whether traceable, provenance-supported evidence demonstrates the implementation or satisfaction of NIST-CSF-2.0 ID.RA-10 - Critical suppliers are assessed prior to acquisition within the declared R1 evidence scope, while keeping quantitative measurement claims limited to metrics with a direct semantic role.",R1_FINAL_POST_ADJUDICATION_MAPPING
GQM-CSF-053,NIST-CSF-2.0,PR.AA-01,"Identities and credentials for authorized users, services, and hardware are managed by the organization",IdentityAccessEvidence,"Assess whether traceable, provenance-supported evidence demonstrates the implementation or satisfaction of NIST-CSF-2.0 PR.AA-01 - Identities and credentials for authorized users, services, and hardware are managed by the organization within the declared R1 evidence scope, while keeping quantitative measurement claims limited to metrics with a direct semantic role.",R1_FINAL_POST_ADJUDICATION_MAPPING
GQM-CSF-054,NIST-CSF-2.0,PR.AA-02,Identities are proofed and bound to credentials based on the context of interactions,IdentityAccessEvidence,"Assess whether traceable, provenance-supported evidence demonstrates the implementation or satisfaction of NIST-CSF-2.0 PR.AA-02 - Identities are proofed and bound to credentials based on the context of interactions within the declared R1 evidence scope, while keeping quantitative measurement claims limited to metrics with a direct semantic role.",R1_FINAL_POST_ADJUDICATION_MAPPING
GQM-CSF-055,NIST-CSF-2.0,PR.AA-03,"Users, services, and hardware are authenticated",IdentityAccessEvidence,"Assess whether traceable, provenance-supported evidence demonstrates the implementation or satisfaction of NIST-CSF-2.0 PR.AA-03 - Users, services, and hardware are authenticated within the declared R1 evidence scope, while keeping quantitative measurement claims limited to metrics with a direct semantic role.",R1_FINAL_POST_ADJUDICATION_MAPPING
GQM-CSF-056,NIST-CSF-2.0,PR.AA-04,"Identity assertions are protected, conveyed, and verified",IdentityAccessEvidence,"Assess whether traceable, provenance-supported evidence demonstrates the implementation or satisfaction of NIST-CSF-2.0 PR.AA-04 - Identity assertions are protected, conveyed, and verified within the declared R1 evidence scope, while keeping quantitative measurement claims limited to metrics with a direct semantic role.",R1_FINAL_POST_ADJUDICATION_MAPPING
GQM-CSF-057,NIST-CSF-2.0,PR.AA-05,"Access permissions, entitlements, and authorizations are defined in a policy, managed, enforced, and reviewed, and incorporate the principles of least privilege and separation of duties",IdentityAccessEvidence,"Assess whether traceable, provenance-supported evidence demonstrates the implementation or satisfaction of NIST-CSF-2.0 PR.AA-05 - Access permissions, entitlements, and authorizations are defined in a policy, managed, enforced, and reviewed, and incorporate the principles of least privilege and separation of duties within the declared R1 evidence scope, while keeping quantitative measurement claims limited to metrics with a direct semantic role.",R1_FINAL_POST_ADJUDICATION_MAPPING
GQM-CSF-058,NIST-CSF-2.0,PR.AA-06,"Physical access to assets is managed, monitored, and enforced commensurate with risk",PhysicalSecurityEvidence,"Assess whether traceable, provenance-supported evidence demonstrates the implementation or satisfaction of NIST-CSF-2.0 PR.AA-06 - Physical access to assets is managed, monitored, and enforced commensurate with risk within the declared R1 evidence scope, while keeping quantitative measurement claims limited to metrics with a direct semantic role.",R1_FINAL_POST_ADJUDICATION_MAPPING
GQM-CSF-059,NIST-CSF-2.0,PR.AT-01,Personnel are provided with awareness and training so that they possess the knowledge and skills to perform general tasks with cybersecurity risks in mind,TrainingAwarenessEvidence,"Assess whether traceable, provenance-supported evidence demonstrates the implementation or satisfaction of NIST-CSF-2.0 PR.AT-01 - Personnel are provided with awareness and training so that they possess the knowledge and skills to perform general tasks with cybersecurity risks in mind within the declared R1 evidence scope, while keeping quantitative measurement claims limited to metrics with a direct semantic role.",R1_FINAL_POST_ADJUDICATION_MAPPING
GQM-CSF-060,NIST-CSF-2.0,PR.AT-02,Individuals in specialized roles are provided with awareness and training so that they possess the knowledge and skills to perform relevant tasks with cybersecurity risks in mind,TrainingAwarenessEvidence,"Assess whether traceable, provenance-supported evidence demonstrates the implementation or satisfaction of NIST-CSF-2.0 PR.AT-02 - Individuals in specialized roles are provided with awareness and training so that they possess the knowledge and skills to perform relevant tasks with cybersecurity risks in mind within the declared R1 evidence scope, while keeping quantitative measurement claims limited to metrics with a direct semantic role.",R1_FINAL_POST_ADJUDICATION_MAPPING
GQM-CSF-061,NIST-CSF-2.0,PR.DS-01,"The confidentiality, integrity, and availability of data-at-rest are protected",PrivacyDataProtectionEvidence,"Assess whether traceable, provenance-supported evidence demonstrates the implementation or satisfaction of NIST-CSF-2.0 PR.DS-01 - The confidentiality, integrity, and availability of data-at-rest are protected within the declared R1 evidence scope, while keeping quantitative measurement claims limited to metrics with a direct semantic role.",R1_FINAL_POST_ADJUDICATION_MAPPING
GQM-CSF-062,NIST-CSF-2.0,PR.DS-02,"The confidentiality, integrity, and availability of data-in-transit are protected",PrivacyDataProtectionEvidence,"Assess whether traceable, provenance-supported evidence demonstrates the implementation or satisfaction of NIST-CSF-2.0 PR.DS-02 - The confidentiality, integrity, and availability of data-in-transit are protected within the declared R1 evidence scope, while keeping quantitative measurement claims limited to metrics with a direct semantic role.",R1_FINAL_POST_ADJUDICATION_MAPPING
GQM-CSF-063,NIST-CSF-2.0,PR.DS-10,"The confidentiality, integrity, and availability of data-in-use are protected",PrivacyDataProtectionEvidence,"Assess whether traceable, provenance-supported evidence demonstrates the implementation or satisfaction of NIST-CSF-2.0 PR.DS-10 - The confidentiality, integrity, and availability of data-in-use are protected within the declared R1 evidence scope, while keeping quantitative measurement claims limited to metrics with a direct semantic role.",R1_FINAL_POST_ADJUDICATION_MAPPING
GQM-CSF-064,NIST-CSF-2.0,PR.DS-11,"Backups of data are created, protected, maintained, and tested",ContinuityResilienceEvidence,"Assess whether traceable, provenance-supported evidence demonstrates the implementation or satisfaction of NIST-CSF-2.0 PR.DS-11 - Backups of data are created, protected, maintained, and tested within the declared R1 evidence scope, while keeping quantitative measurement claims limited to metrics with a direct semantic role.",R1_FINAL_POST_ADJUDICATION_MAPPING
GQM-CSF-071,NIST-CSF-2.0,PR.IR-01,Networks and environments are protected from unauthorized logical access and usage,NetworkSecurityEvidence,"Assess whether traceable, provenance-supported evidence demonstrates the implementation or satisfaction of NIST-CSF-2.0 PR.IR-01 - Networks and environments are protected from unauthorized logical access and usage within the declared R1 evidence scope, while keeping quantitative measurement claims limited to metrics with a direct semantic role.",R1_FINAL_POST_ADJUDICATION_MAPPING
GQM-CSF-072,NIST-CSF-2.0,PR.IR-02,The organization's technology assets are protected from environmental threats,PhysicalSecurityEvidence,"Assess whether traceable, provenance-supported evidence demonstrates the implementation or satisfaction of NIST-CSF-2.0 PR.IR-02 - The organization's technology assets are protected from environmental threats within the declared R1 evidence scope, while keeping quantitative measurement claims limited to metrics with a direct semantic role.",R1_FINAL_POST_ADJUDICATION_MAPPING
GQM-CSF-073,NIST-CSF-2.0,PR.IR-03,Mechanisms are implemented to achieve resilience requirements in normal and adverse situations,ContinuityResilienceEvidence,"Assess whether traceable, provenance-supported evidence demonstrates the implementation or satisfaction of NIST-CSF-2.0 PR.IR-03 - Mechanisms are implemented to achieve resilience requirements in normal and adverse situations within the declared R1 evidence scope, while keeping quantitative measurement claims limited to metrics with a direct semantic role.",R1_FINAL_POST_ADJUDICATION_MAPPING
GQM-CSF-074,NIST-CSF-2.0,PR.IR-04,Adequate resource capacity to ensure availability is maintained,ContinuityResilienceEvidence,"Assess whether traceable, provenance-supported evidence demonstrates the implementation or satisfaction of NIST-CSF-2.0 PR.IR-04 - Adequate resource capacity to ensure availability is maintained within the declared R1 evidence scope, while keeping quantitative measurement claims limited to metrics with a direct semantic role.",R1_FINAL_POST_ADJUDICATION_MAPPING
GQM-CSF-065,NIST-CSF-2.0,PR.PS-01,Configuration management practices are established and applied,PlatformConfigurationEvidence,"Assess whether traceable, provenance-supported evidence demonstrates the implementation or satisfaction of NIST-CSF-2.0 PR.PS-01 - Configuration management practices are established and applied within the declared R1 evidence scope, while keeping quantitative measurement claims limited to metrics with a direct semantic role.",R1_FINAL_POST_ADJUDICATION_MAPPING
GQM-CSF-066,NIST-CSF-2.0,PR.PS-02,"Software is maintained, replaced, and removed commensurate with risk",PlatformConfigurationEvidence,"Assess whether traceable, provenance-supported evidence demonstrates the implementation or satisfaction of NIST-CSF-2.0 PR.PS-02 - Software is maintained, replaced, and removed commensurate with risk within the declared R1 evidence scope, while keeping quantitative measurement claims limited to metrics with a direct semantic role.",R1_FINAL_POST_ADJUDICATION_MAPPING
GQM-CSF-067,NIST-CSF-2.0,PR.PS-03,"Hardware is maintained, replaced, and removed commensurate with risk",PlatformConfigurationEvidence,"Assess whether traceable, provenance-supported evidence demonstrates the implementation or satisfaction of NIST-CSF-2.0 PR.PS-03 - Hardware is maintained, replaced, and removed commensurate with risk within the declared R1 evidence scope, while keeping quantitative measurement claims limited to metrics with a direct semantic role.",R1_FINAL_POST_ADJUDICATION_MAPPING
GQM-CSF-068,NIST-CSF-2.0,PR.PS-04,Log records are generated and made available for continuous monitoring,MonitoringDetectionEvidence,"Assess whether traceable, provenance-supported evidence demonstrates the implementation or satisfaction of NIST-CSF-2.0 PR.PS-04 - Log records are generated and made available for continuous monitoring within the declared R1 evidence scope, while keeping quantitative measurement claims limited to metrics with a direct semantic role.",R1_FINAL_POST_ADJUDICATION_MAPPING
GQM-CSF-069,NIST-CSF-2.0,PR.PS-05,Installation and execution of unauthorized software are prevented,PlatformConfigurationEvidence,"Assess whether traceable, provenance-supported evidence demonstrates the implementation or satisfaction of NIST-CSF-2.0 PR.PS-05 - Installation and execution of unauthorized software are prevented within the declared R1 evidence scope, while keeping quantitative measurement claims limited to metrics with a direct semantic role.",R1_FINAL_POST_ADJUDICATION_MAPPING
GQM-CSF-070,NIST-CSF-2.0,PR.PS-06,"Secure software development practices are integrated, and their performance is monitored throughout the software development life cycle",SecureDevelopmentEvidence,"Assess whether traceable, provenance-supported evidence demonstrates the implementation or satisfaction of NIST-CSF-2.0 PR.PS-06 - Secure software development practices are integrated, and their performance is monitored throughout the software development life cycle within the declared R1 evidence scope, while keeping quantitative measurement claims limited to metrics with a direct semantic role.",R1_FINAL_POST_ADJUDICATION_MAPPING
GQM-CSF-105,NIST-CSF-2.0,RC.CO-03,Recovery activities and progress in restoring operational capabilities are communicated to designated internal and external stakeholders,ContinuityResilienceEvidence,"Assess whether traceable, provenance-supported evidence demonstrates the implementation or satisfaction of NIST-CSF-2.0 RC.CO-03 - Recovery activities and progress in restoring operational capabilities are communicated to designated internal and external stakeholders within the declared R1 evidence scope, while keeping quantitative measurement claims limited to metrics with a direct semantic role.",R1_FINAL_POST_ADJUDICATION_MAPPING
GQM-CSF-106,NIST-CSF-2.0,RC.CO-04,Public updates on incident recovery are shared using approved methods and messaging,ContinuityResilienceEvidence,"Assess whether traceable, provenance-supported evidence demonstrates the implementation or satisfaction of NIST-CSF-2.0 RC.CO-04 - Public updates on incident recovery are shared using approved methods and messaging within the declared R1 evidence scope, while keeping quantitative measurement claims limited to metrics with a direct semantic role.",R1_FINAL_POST_ADJUDICATION_MAPPING
GQM-CSF-099,NIST-CSF-2.0,RC.RP-01,The recovery portion of the incident response plan is executed once initiated from the incident response process,ContinuityResilienceEvidence,"Assess whether traceable, provenance-supported evidence demonstrates the implementation or satisfaction of NIST-CSF-2.0 RC.RP-01 - The recovery portion of the incident response plan is executed once initiated from the incident response process within the declared R1 evidence scope, while keeping quantitative measurement claims limited to metrics with a direct semantic role.",R1_FINAL_POST_ADJUDICATION_MAPPING
GQM-CSF-100,NIST-CSF-2.0,RC.RP-02,"Recovery actions are selected, scoped, prioritized, and performed",ContinuityResilienceEvidence,"Assess whether traceable, provenance-supported evidence demonstrates the implementation or satisfaction of NIST-CSF-2.0 RC.RP-02 - Recovery actions are selected, scoped, prioritized, and performed within the declared R1 evidence scope, while keeping quantitative measurement claims limited to metrics with a direct semantic role.",R1_FINAL_POST_ADJUDICATION_MAPPING
GQM-CSF-101,NIST-CSF-2.0,RC.RP-03,The integrity of backups and other restoration assets is verified before using them for restoration,ContinuityResilienceEvidence,"Assess whether traceable, provenance-supported evidence demonstrates the implementation or satisfaction of NIST-CSF-2.0 RC.RP-03 - The integrity of backups and other restoration assets is verified before using them for restoration within the declared R1 evidence scope, while keeping quantitative measurement claims limited to metrics with a direct semantic role.",R1_FINAL_POST_ADJUDICATION_MAPPING
GQM-CSF-102,NIST-CSF-2.0,RC.RP-04,Critical mission functions and cybersecurity risk management are considered to establish post-incident operational norms,ContinuityResilienceEvidence,"Assess whether traceable, provenance-supported evidence demonstrates the implementation or satisfaction of NIST-CSF-2.0 RC.RP-04 - Critical mission functions and cybersecurity risk management are considered to establish post-incident operational norms within the declared R1 evidence scope, while keeping quantitative measurement claims limited to metrics with a direct semantic role.",R1_FINAL_POST_ADJUDICATION_MAPPING
GQM-CSF-103,NIST-CSF-2.0,RC.RP-05,"The integrity of restored assets is verified, systems and services are restored, and normal operating status is confirmed",ContinuityResilienceEvidence,"Assess whether traceable, provenance-supported evidence demonstrates the implementation or satisfaction of NIST-CSF-2.0 RC.RP-05 - The integrity of restored assets is verified, systems and services are restored, and normal operating status is confirmed within the declared R1 evidence scope, while keeping quantitative measurement claims limited to metrics with a direct semantic role.",R1_FINAL_POST_ADJUDICATION_MAPPING
GQM-CSF-104,NIST-CSF-2.0,RC.RP-06,"The end of incident recovery is declared based on criteria, and incident-related documentation is completed",ContinuityResilienceEvidence,"Assess whether traceable, provenance-supported evidence demonstrates the implementation or satisfaction of NIST-CSF-2.0 RC.RP-06 - The end of incident recovery is declared based on criteria, and incident-related documentation is completed within the declared R1 evidence scope, while keeping quantitative measurement claims limited to metrics with a direct semantic role.",R1_FINAL_POST_ADJUDICATION_MAPPING
GQM-CSF-091,NIST-CSF-2.0,RS.AN-03,Analysis is performed to establish what has taken place during an incident and the root cause of the incident,IncidentResponseEvidence,"Assess whether traceable, provenance-supported evidence demonstrates the implementation or satisfaction of NIST-CSF-2.0 RS.AN-03 - Analysis is performed to establish what has taken place during an incident and the root cause of the incident within the declared R1 evidence scope, while keeping quantitative measurement claims limited to metrics with a direct semantic role.",R1_FINAL_POST_ADJUDICATION_MAPPING
GQM-CSF-092,NIST-CSF-2.0,RS.AN-06,"Actions performed during an investigation are recorded, and the records' integrity and provenance are preserved",IncidentResponseEvidence,"Assess whether traceable, provenance-supported evidence demonstrates the implementation or satisfaction of NIST-CSF-2.0 RS.AN-06 - Actions performed during an investigation are recorded, and the records' integrity and provenance are preserved within the declared R1 evidence scope, while keeping quantitative measurement claims limited to metrics with a direct semantic role.",R1_FINAL_POST_ADJUDICATION_MAPPING
GQM-CSF-093,NIST-CSF-2.0,RS.AN-07,"Incident data and metadata are collected, and their integrity and provenance are preserved",IncidentResponseEvidence,"Assess whether traceable, provenance-supported evidence demonstrates the implementation or satisfaction of NIST-CSF-2.0 RS.AN-07 - Incident data and metadata are collected, and their integrity and provenance are preserved within the declared R1 evidence scope, while keeping quantitative measurement claims limited to metrics with a direct semantic role.",R1_FINAL_POST_ADJUDICATION_MAPPING
GQM-CSF-094,NIST-CSF-2.0,RS.AN-08,An incident's magnitude is estimated and validated,IncidentResponseEvidence,"Assess whether traceable, provenance-supported evidence demonstrates the implementation or satisfaction of NIST-CSF-2.0 RS.AN-08 - An incident's magnitude is estimated and validated within the declared R1 evidence scope, while keeping quantitative measurement claims limited to metrics with a direct semantic role.",R1_FINAL_POST_ADJUDICATION_MAPPING
GQM-CSF-095,NIST-CSF-2.0,RS.CO-02,Internal and external stakeholders are notified of incidents,IncidentResponseEvidence,"Assess whether traceable, provenance-supported evidence demonstrates the implementation or satisfaction of NIST-CSF-2.0 RS.CO-02 - Internal and external stakeholders are notified of incidents within the declared R1 evidence scope, while keeping quantitative measurement claims limited to metrics with a direct semantic role.",R1_FINAL_POST_ADJUDICATION_MAPPING
GQM-CSF-096,NIST-CSF-2.0,RS.CO-03,Information is shared with designated internal and external stakeholders,IncidentResponseEvidence,"Assess whether traceable, provenance-supported evidence demonstrates the implementation or satisfaction of NIST-CSF-2.0 RS.CO-03 - Information is shared with designated internal and external stakeholders within the declared R1 evidence scope, while keeping quantitative measurement claims limited to metrics with a direct semantic role.",R1_FINAL_POST_ADJUDICATION_MAPPING
GQM-CSF-086,NIST-CSF-2.0,RS.MA-01,The incident response plan is executed in coordination with relevant third parties once an incident is declared,IncidentResponseEvidence,"Assess whether traceable, provenance-supported evidence demonstrates the implementation or satisfaction of NIST-CSF-2.0 RS.MA-01 - The incident response plan is executed in coordination with relevant third parties once an incident is declared within the declared R1 evidence scope, while keeping quantitative measurement claims limited to metrics with a direct semantic role.",R1_FINAL_POST_ADJUDICATION_MAPPING
GQM-CSF-087,NIST-CSF-2.0,RS.MA-02,Incident reports are triaged and validated,IncidentResponseEvidence,"Assess whether traceable, provenance-supported evidence demonstrates the implementation or satisfaction of NIST-CSF-2.0 RS.MA-02 - Incident reports are triaged and validated within the declared R1 evidence scope, while keeping quantitative measurement claims limited to metrics with a direct semantic role.",R1_FINAL_POST_ADJUDICATION_MAPPING
GQM-CSF-088,NIST-CSF-2.0,RS.MA-03,Incidents are categorized and prioritized,IncidentResponseEvidence,"Assess whether traceable, provenance-supported evidence demonstrates the implementation or satisfaction of NIST-CSF-2.0 RS.MA-03 - Incidents are categorized and prioritized within the declared R1 evidence scope, while keeping quantitative measurement claims limited to metrics with a direct semantic role.",R1_FINAL_POST_ADJUDICATION_MAPPING
GQM-CSF-089,NIST-CSF-2.0,RS.MA-04,Incidents are escalated or elevated as needed,IncidentResponseEvidence,"Assess whether traceable, provenance-supported evidence demonstrates the implementation or satisfaction of NIST-CSF-2.0 RS.MA-04 - Incidents are escalated or elevated as needed within the declared R1 evidence scope, while keeping quantitative measurement claims limited to metrics with a direct semantic role.",R1_FINAL_POST_ADJUDICATION_MAPPING
GQM-CSF-090,NIST-CSF-2.0,RS.MA-05,The criteria for initiating incident recovery are applied,IncidentResponseEvidence,"Assess whether traceable, provenance-supported evidence demonstrates the implementation or satisfaction of NIST-CSF-2.0 RS.MA-05 - The criteria for initiating incident recovery are applied within the declared R1 evidence scope, while keeping quantitative measurement claims limited to metrics with a direct semantic role.",R1_FINAL_POST_ADJUDICATION_MAPPING
GQM-CSF-097,NIST-CSF-2.0,RS.MI-01,Incidents are contained,IncidentResponseEvidence,"Assess whether traceable, provenance-supported evidence demonstrates the implementation or satisfaction of NIST-CSF-2.0 RS.MI-01 - Incidents are contained within the declared R1 evidence scope, while keeping quantitative measurement claims limited to metrics with a direct semantic role.",R1_FINAL_POST_ADJUDICATION_MAPPING
GQM-CSF-098,NIST-CSF-2.0,RS.MI-02,Incidents are eradicated,IncidentResponseEvidence,"Assess whether traceable, provenance-supported evidence demonstrates the implementation or satisfaction of NIST-CSF-2.0 RS.MI-02 - Incidents are eradicated within the declared R1 evidence scope, while keeping quantitative measurement claims limited to metrics with a direct semantic role.",R1_FINAL_POST_ADJUDICATION_MAPPING
